SMILES,pred_logBCF_s42,pred_logBCF_s52,pred_logBCF_s62,pred_logBCF_s72,pred_logBCF_s82,pred_logBCF_s92,pred_logBCF_s102,pred_logBCF_ens,pred_logBCF_std
SC1=Nc2c(cccc2)S1,0.63550675,0.67616546,0.9611674,0.6038462,0.71962976,0.6293348,0.7240566,0.707101,0.12095872
S=P(SCC(=O)NC)(OC)OC,0.548851,0.166749,0.29969907,0.17925501,0.2858286,0.2021724,-0.0024955273,0.2400085,0.16849524
S=P(ON=C(c1ccccc1)C#N)(OCC)OCC,2.9454477,2.8729649,2.6787927,2.572881,2.8993437,2.8062286,2.906499,2.8117366,0.1372582
S=P(Oc1cc(c(cc1)[N+](=O)[O-])C)(OC)OC,1.5459219,1.7567036,1.5790381,1.4791536,1.6159911,1.5669141,1.6012614,1.5921404,0.08509141
S=C(SSSSC(=S)N1CCCCC1)N2CCCCC2,1.234518,0.8707968,1.229461,1.6910908,1.008179,1.3853333,1.2569292,1.2394725,0.2630217
S=C(SSSSC(=S)N1CCCCC1)N1CCCCC1,1.234518,0.8707968,1.229461,1.6910908,1.008179,1.3853333,1.2569292,1.2394725,0.2630217
OP(=O)(OCC(CCCC)CC)OCC(CCCC)CC,0.9710899,0.81159425,0.743361,0.7608019,0.588287,0.43593633,0.9424242,0.75049925,0.18914181
OCCOc1c(cc(cc1Br)C(c2cc(c(OCCO)c(c2)Br)Br)(C)C)Br,1.7021676,1.7577325,1.7423776,1.6835129,1.8284613,1.8305268,1.8868173,1.7759422,0.07469389
OCCC(F)(F)C(F)(F)C(F)(F)C(F)(F)C(F)(F)C(F)(F)F,1.9392811,2.0981815,2.0386703,2.0448854,2.2168305,2.3406115,2.240958,2.1313455,0.13974229
OCC(CO)(CO)CO,0.43199456,0.11915839,0.4329189,0.37597084,0.15973723,0.07737601,0.34954596,0.27810028,0.15378445
OCC(CO)(CBr)CBr,0.5582472,0.43153548,0.4276476,0.36893845,0.630944,0.46481347,0.43190575,0.4734331,0.089974806
Oc1nc(O)nc(O)n1,-0.26455784,-0.35020804,-0.3924234,-0.16169667,-0.2056911,-0.38816166,-0.22795987,-0.2843855,0.09273316
Oc1cccc(Br)c1,1.2618501,1.1518722,1.1698472,0.99079543,1.1886001,1.2843654,1.1247325,1.1674377,0.09687445
Oc1ccc(Cl)cc1Cl,1.5812883,1.7118253,1.6332879,1.5170114,1.6262193,1.5460408,1.6759425,1.6130878,0.06954311
Oc1ccc(Cl)cc1Cc1cc(Cl)ccc1O,1.7430896,1.9082034,1.6839547,1.6209737,1.7947482,1.8166556,1.6363423,1.7434238,0.10420057
Oc1ccc(Cc2ccc(O)cc2)cc1,1.3219371,1.4002936,1.2849152,1.1400194,1.2832739,1.2413703,1.370137,1.2917067,0.08613586
Oc1ccc(cc1)CCCCCCC(C)C,2.5184708,2.5459445,2.36209,2.524823,2.5406437,2.5381613,2.4555519,2.497955,0.06725813
Oc1ccc(cc1)C(=C)CC(c2ccc(O)cc2)(C)C,1.5419078,1.8445555,1.3169184,1.5929433,1.5816901,1.7014278,1.746021,1.6179234,0.1698349
Oc1cc(Cl)ccc1Oc2ccc(Cl)cc2Cl,2.1200922,2.0670571,2.1026785,2.1649919,2.0061247,1.9124732,2.1240983,2.0710735,0.086045064
Oc1cc(Cl)c(Cl)c(Cl)c1Cl,2.433229,2.4990656,2.3699818,2.4598062,2.582756,2.4998672,2.368113,2.4589744,0.076855294
Oc1cc(Cl)c(Br)cc1Cl,2.3058186,2.6106339,2.31129,2.2866771,2.4048605,2.362547,2.198493,2.3543315,0.12998743
Oc1cc(ccc1)Cl,1.329667,1.2014984,1.2647536,1.1164058,1.2361866,1.3125507,1.2755,1.2480803,0.07244786
Oc1cc(c(c(c1(OC))Cl)Cl)Cl,2.3559704,2.5012326,2.3237152,2.3253777,2.5615523,2.4366605,2.4483092,2.4218311,0.091300994
Oc1c(Cl)c(Cl)c(Cl)c(Cl)c1Cl,2.5013022,2.6843534,2.5541937,2.5209227,2.6208615,2.5576267,2.456633,2.5565562,0.076137364
Oc1c(cccc1C1CCCCC1)C1CCCCC1,3.092929,2.9997497,3.0278625,3.1589506,3.1517067,3.1022546,3.025879,3.0799046,0.06340995
Oc1c(cccc1)Cl,1.157649,1.1705908,1.0858102,1.009872,1.0623016,1.14408,1.1555936,1.1122711,0.06059662
Oc1c(ccc(c1)Cl)Cl,1.3163306,1.20678,1.3868945,1.3562613,1.2150844,1.2973968,1.4117354,1.312926,0.07979691
Oc1c(cc(cc1C(C)(C)C)c1ccccc1)C(C)(C)C,3.7283034,3.8059273,3.8258533,3.6451201,4.1978226,4.0195546,3.879799,3.8717687,0.18556735
Oc1c(cc(cc1C(C)(C)C)C)C(C)(C)C,3.3275697,3.0772362,3.3292007,3.0495756,3.4382844,3.1732583,3.4958212,3.2701352,0.17379947
Oc1c(cc(cc1C(C)(C)C)C(C)(C)C)n2nc3ccccc3(n2),3.5007334,3.234614,3.6980836,3.5363584,3.8269606,3.7175152,3.6824508,3.599531,0.19542648
Oc1c(cc(cc1)Cl)Cc1cc(ccc1O)Cl,1.7430896,1.9082034,1.6839547,1.6209737,1.7947482,1.8166556,1.6363423,1.7434238,0.10420057
Oc1c(cc(cc1)[N+](=O)[O-])[N+](=O)[O-],0.515296,0.43234003,0.40580618,0.49664378,0.55084646,0.2565894,0.52867484,0.45517093,0.101885885
Oc1c(c(cc(c1Cl)Cl)Cl)Cl,2.2308264,2.0971477,2.2104084,2.2156074,2.2688081,2.2872043,2.2024271,2.2160614,0.06112835
Oc1c(c(c(cc1Cl)Cl)Cl)Cc1c(c(cc(c1O)Cl)Cl)Cl,2.1448464,2.1602829,2.1609828,2.1880665,2.286769,2.1774597,2.1508195,2.181318,0.04881368
OC(Cn1ncnc1)(CCc2ccc(cc2)Cl)C(C)(C)C,1.6544487,1.5884743,1.6878242,1.5925694,1.676798,1.6177788,1.6164277,1.6334743,0.03980356
OC(c1ccccc1)c2ccc(cc2)Cl,1.727117,1.8516484,1.8079802,1.8623419,1.9035643,1.8029323,1.7660781,1.8173802,0.060138773
OC(c1ccc(cc1)Cl)(c1ccc(cc1)Cl)C(=O)OCC,2.6545763,2.5554073,2.8025494,2.5485127,2.8296769,2.695551,2.7617323,2.692572,0.113060236
OC(C(Oc1ccc(cc1)Cl)n2ncnc2)C(C)(C)C,1.7461693,1.7842755,1.6795487,1.7873836,1.7016903,1.6916463,1.8847086,1.7536317,0.07227662
OC(=O)CNCP(=O)(O)O,0.7136338,1.0361862,0.4577706,0.58499336,0.6814363,0.43416107,0.6818855,0.65572387,0.2011339
OC(=O)Cc1ccccc1Nc2c(Cl)cccc2Cl,0.91404486,1.1518188,0.9922085,1.0421067,0.7022431,0.7887604,1.1235281,0.95924425,0.16792075
OC(=O)c1cccc(c1)[N+]([O-])=O,0.63738453,0.7069602,0.65834653,0.5505674,0.6780046,0.66424525,0.68366563,0.6541677,0.050594952
OC(=O)C1CC=CCC1C(O)=O,0.20891476,-0.12000251,0.015320182,0.3643303,0.15809429,0.18864596,0.24747014,0.15182473,0.1588944
OC(=O)C(C(C(C(C(C(C(C(C(F)(F)F)(F)F)(F)F)(F)F)(F)F)(F)F)(F)F)(F)F)(F)F,3.523183,3.4988322,3.622816,3.6818538,3.3893418,3.6384072,3.747705,3.5860198,0.122240886
OC(=O)C(C(C(C(C(C(C(C(C(C(C(C(C(C(C(F)(F)F)(F)F)(F)F)(F)F)(F)F)(F)F)(F)F)(F)F)(F)F)(F)F)(F)F)(F)F)(F)F)(F)F)(F)F,3.065784,2.6937983,3.0741057,3.3439484,2.7187955,3.1760547,3.456323,3.0755444,0.28874224
o2c1cc(c(cc1c3cc(c(c(c23)Cl)Cl)Cl)Cl)Cl,3.5115647,3.824502,3.6988935,3.6112416,4.0358458,3.7306156,3.636457,3.7213027,0.17003852
o2c1c(ccc(c1Cl)Cl)c3cc(c(c(c23)Cl)Cl)Cl,3.324791,3.3537512,3.5128756,3.5418706,3.5974145,3.5525725,3.5668216,3.4928708,0.1082964
o2c1c(cc(c(c1Cl)Cl)Cl)c3cc(c(c(c23)Cl)Cl)Cl,3.4685378,3.8058712,3.598978,3.618198,3.7032323,3.6578374,3.5598168,3.6303527,0.10736626
O1CCN(CC1)CC(C)C,0.97804475,0.81623757,0.77964175,0.8796923,0.74864435,0.98839307,0.8842937,0.86784965,0.09286071
O1CC(OC12(CCC(CC2)C(C)(C)C))CN(CC)CCC,1.6521664,1.8434052,1.7720982,1.6100743,1.7202543,1.8572965,1.8350204,1.7557591,0.09811313
O1c3cc(c(c(c3(Oc2cc(c(c(c12)Cl)Cl)Cl))Cl)Cl)Cl,4.024332,3.7330537,3.9378252,3.9200263,3.7349598,3.8840435,3.9936216,3.8896947,0.11595673
O1c3cc(c(c(c3(Oc2c1c(c(c(c2Cl)Cl)Cl)Cl))Cl)Cl)Cl,4.107917,3.5899415,3.9444342,3.9304051,3.5793905,3.933152,4.1140323,3.8856103,0.22004333
O1C(C)CN(CC1C)CC(C)Cc2ccc(cc2)C(C)(C)C,2.7613897,2.7506266,2.88103,2.4224849,2.8432848,2.912821,2.6581087,2.7471063,0.16741332
O=S1OCC2C(CO1)C1(Cl)C(Cl)=C(Cl)C2(Cl)C1(Cl)Cl,3.2576735,3.6210783,3.0090084,2.9531581,3.454465,3.3470476,3.4074667,3.2928426,0.24052772
O=S(=O)(O)OCCOCCOCCOCCOCCOCCOc1ccc(cc1)CCCCCCCCC,0.6402925,0.93797624,1.0588367,0.8922548,1.0143921,0.90091026,1.3256838,0.96719235,0.20690927
O=S(=O)(O)c1ccc(O)c2ccccc12,0.64209855,0.7827312,0.50139654,0.54655874,0.4166385,0.42395937,0.44569576,0.5370112,0.13440612
O=S(=O)(O)c1cc(ccc1(N))C,-0.12457681,-0.35364842,-0.26961493,-0.10968566,-0.3106408,-0.21978855,-0.20833325,-0.2280412,0.090827376
O=S(=O)(O)c1cc(c2cccc(O)c2(c1(N)))S(=O)(=O)O,0.45451736,0.86193824,0.25245166,0.51737595,0.5451913,0.42763567,0.21728265,0.46805614,0.2139763
O=S(=O)(O)C(F)(F)C(F)(F)C(F)(F)C(F)(F)C(F)(F)C(F)(F)C(F)(F)C(F)(F)F,4.106267,4.158164,3.6569881,3.8331146,4.0678887,4.089478,4.0068383,3.9883912,0.17959909
O=S(=O)(CCl)Nc1ccc(Cl)c(Cl)c1Oc1cccc(Cl)c1Cl,1.7099068,2.1298106,1.6084236,2.0633712,1.9234746,2.0707593,1.9071287,1.916125,0.19519041
O=S(=O)(c1ccc(OP(OC)(OC)=S)cc1C)C,0.37382972,0.64488375,0.4724275,0.620684,0.47073603,0.3610102,0.3743435,0.4739878,0.11794263
O=P(OCCCl)(OCCCl)OCCCl,0.28215897,0.11592221,0.06875026,0.25658274,0.06386721,0.12958431,0.28329885,0.17145208,0.09913929
O=P(OCC=C)(OCC=C)OCC=C,-0.06111765,-0.22465372,-0.21338606,0.01069963,-0.02367866,-0.27258372,0.011159539,-0.110508665,0.122034624
O=P(Oc1nc(nc(c1)C)C(C)C)(OCC)OCC,-0.1349473,-0.6839204,-0.60062623,-0.018897295,-0.73353004,-0.38623,0.116001844,-0.34887847,0.34052652
O=P(Oc1ccccc1)(Oc1ccccc1)OCCCCCCCC(C)C,2.5012283,2.4179606,2.2625601,2.34573,2.5009303,2.3040648,2.3243992,2.3795533,0.095380135
O=P(Oc1ccc(c(c1)C)SC)(OCC)NC(C)C,1.5083737,2.0479484,1.3728567,1.3875355,1.7718552,1.4075274,1.2781086,1.5391723,0.2738863
O=P(O)(O)OP(=O)(O)OP(=O)(O)O,-0.06375551,-0.2884915,-0.44775796,0.01714468,-0.069633245,-0.20533943,-0.16313791,-0.17442441,0.15744479
O=P(N(C)C)(N(C)C)N(C)C,-0.48178124,-0.83437467,-0.42702127,-0.20514321,-0.41815352,-0.50994825,-0.49508715,-0.48164418,0.18657802
O=NN(c1ccccc1)c2ccccc2,1.2177217,1.1856455,1.4272873,1.3344979,1.4109545,1.4159818,1.5018114,1.3562715,0.11659333
O=C1OC3(C(OC(=O)C(C)(C)CC)=C1c2cc(cc(c2)Cl)Cl)(CCCCC3),2.2482505,2.7834847,2.330146,2.155738,2.4422095,2.6190333,2.4284306,2.429613,0.2156613
O=C1N(OCC1(C)C)Cc2ccccc2Cl,1.7438949,2.0087926,2.1426935,2.211025,2.5475404,1.995516,2.0768964,2.1037657,0.2452627
O=C1N(CCS1)P(=O)(OCC)SC(C)CC,0.67493546,0.9140059,0.88203883,0.7891445,0.9329127,0.5514672,0.59218884,0.76238483,0.1571635
O=C1N(C(=O)C3C1C2(C=CC3(CC2)C(C)C)(C))CC(CC)CCCC,2.8466678,3.2510085,2.8332045,2.6033134,3.073249,3.0037925,2.876688,2.926846,0.20608348
O=C1CN2CCC1CC2,0.8951969,0.7208092,0.74445283,0.72871435,0.60931134,0.6800635,0.6440618,0.71751565,0.092140116
O=C1CCCCC1C1=CCCCC1,0.6561322,0.42627716,0.5800556,0.69609845,0.41892326,0.49065065,0.597996,0.5523048,0.109384164
O=C1c2ccccc2C(=O)c3c4ccccc4ccc13,1.7962888,1.7300264,1.8107402,1.7956672,1.7730788,1.7498822,1.8038802,1.7799377,0.030216811
O=C1c2ccccc2C(=O)c2cc(Cl)ccc21,2.4396558,2.1181474,2.280979,2.258568,2.4858358,2.4924512,2.2098424,2.3264973,0.14687787
O=C1c2ccccc2C(=O)c2c(O)cccc21,2.2567844,2.2499115,2.2656152,2.2523968,2.473853,2.353692,2.3230126,2.3107524,0.08231328
O=C1c2ccccc2(C(=O)N1CSP(OC)(OC)=S),1.153129,1.3205755,1.2673581,1.2490034,1.1923733,1.2273262,1.2993264,1.2441559,0.058731247
O=C1c2cc(ccc2C(=O)c2c1cccc2)N,1.8101944,1.6357576,1.9432569,1.7901511,1.8474698,1.8230234,1.9389021,1.8269651,0.103832
O=C1c2c(Cl)c(Cl)c(Cl)c(Cl)c2-c2nc3cccc4cccc(c43)n21,1.9607339,1.9713908,2.1227329,1.9500504,1.93847,2.2374885,1.957039,2.0197008,0.114916034
O=C1C2(C3(C4(C1(C5(C2(C3(C(C45Cl)(Cl)Cl)Cl)Cl)Cl)Cl)Cl)Cl)Cl,2.7372231,2.809467,2.628233,2.5786498,2.7245378,2.6835442,2.5737193,2.676482,0.087743044
O=C1C=CSN1CCCCCCCC,2.146387,1.9626544,2.0888684,2.1971915,2.2798681,2.1687129,2.2692335,2.1589878,0.10950083
O=C1C(=C(C=NN1C(C)(C)C)SCc2ccc(cc2)C(C)(C)C)Cl,2.987781,3.1513157,2.728612,2.7618277,3.1670113,3.083497,2.6388237,2.9312668,0.21819961
O=C1\C(Nc2ccccc12)=C/3Nc4ccccc4C3=O,0.45734572,0.356341,0.6210965,0.614961,0.5155022,0.5593283,0.5309669,0.5222202,0.09273676
O=C(ON=C(C(=O)N(C)C)SC)NC,0.33025026,0.2845484,0.48329222,0.43363416,0.40704834,0.512993,0.21254528,0.38061598,0.1092315
O=C(OCCN(c1cc(c(cc1)N=Nc1ccc(cc1Cl)[N+](=O)[O-])NC(=O)CC)CCOC(=O)C)C,0.77372587,0.92933524,0.9142374,0.8868369,0.7966949,0.77559483,1.1454663,0.8888416,0.1308386
O=C(OCCC)NCCCN(C)C,0.35735416,0.57211673,0.6339067,0.54228044,0.4408418,0.8180913,0.52229464,0.55526936,0.14666468
O=C(OCC)NCCOc2ccc(Oc1ccccc1)cc2,1.5378897,2.2685485,1.5960174,1.6672257,1.5049657,1.5112665,1.7615684,1.6924974,0.27032974
O=C(OCC(OC(=O)CCCCCCCC=CCCCCCCCC)COC(=O)CCCCCCCC=CCCCCCCCC)CCCCCCCC=CCCCCCCCC,0.13022256,0.8285098,0.96647274,0.63036084,0.6885736,0.6522285,0.41659343,0.6161374,0.2740194
O=C(OCC#C)C(Oc2ccc(Oc1ncc(cc1(F))Cl)cc2)C,1.7105217,1.7205414,1.6502258,2.4377573,1.7334764,2.1654708,2.0197418,1.9196765,0.2970719
O=C(Oc2cccc1c2(OC(C)(C)C1))N(C)SN(CCC(=O)OCC)C(C)C,2.3152199,2.5336938,2.5013943,2.4714751,2.459769,2.6107545,2.6092808,2.500227,0.10158872
O=C(Oc1nc(nc(c1C)C)N(C)C)N(C)C,0.7249782,0.7070178,0.8954936,0.74292934,1.0100744,0.45230687,0.704672,0.74821025,0.17415704
O=C(Oc1cccc2ccccc12)NC,1.0555675,1.0920794,0.85323584,1.0087265,1.1032314,1.0570767,0.7884364,0.9940505,0.12356381
O=C(Oc1cc(nnc1c2ccccc2)Cl)SCCCCCCCC,2.210196,2.4438894,2.0712948,2.1625679,2.3355708,2.0959826,2.3112214,2.2329602,0.13633093
O=C(Oc1cc(c(c(c1)C)N(C)C)C)NC,1.1697934,0.9778259,1.5260929,0.9097667,1.0197148,1.4083416,1.2182314,1.175681,0.22838096
O=C(OC)NS(=O)(=O)c1ccc(N)cc1,-0.21187282,-0.34310865,-0.01747334,0.08984339,-0.28460145,-0.2780137,0.23965275,-0.11508197,0.221362
O=C(OC)c2cc(Oc1ccc(cc1Cl)Cl)ccc2[N+](=O)[O-],2.486768,2.866064,2.9203563,2.8982558,2.8289945,2.9015558,3.1523762,2.8649101,0.19682842
O=C(OC)c1ccccc1S(=O)(=O)NC(=O)Nc2nc(nc(n2)C)OC,0.1012671,0.14521599,0.1522783,0.19413412,-0.19712067,0.09328258,0.1537056,0.09182329,0.13189797
O=C(OC)C(=NOC)c1ccccc1CON=C(c2cccc(c2)C(F)(F)F)C,2.5722497,2.863432,2.6291862,2.6322074,2.943266,2.8320565,2.6440802,2.7309253,0.1447355
O=C(OC(C)C)Nc1ccc(OCC)c(OCC)c1,1.3364487,1.7115889,1.5332379,1.5835788,1.2761168,1.5410942,1.819292,1.543051,0.19165727
O=C(OC(C)C)C=C(C=CCC(C)CCCC(OC)(C)C)C,2.2157135,1.8749666,1.9543575,2.038828,2.194669,1.7841643,2.3303275,2.0561466,0.19886626
O=C(OC(C)(C)C)c1ccc(cc1)CON=Cc3c(nn(c3(Oc2ccccc2))C)C,2.2779248,2.447681,2.2451339,2.5150156,2.3820586,2.3303154,2.424251,2.374626,0.09630414
O=C(O\N=C1\C=C\C(C=C1)=N/OC(=O)c2ccccc2)c3ccccc3,0.451517,0.5614772,0.37227225,0.39771152,0.40228724,0.3929144,0.58587,0.45200706,0.08676875
O=C(O[Sn](c1ccccc1)(c2ccccc2)c3ccccc3)C,2.939765,3.1145253,3.0771425,2.6949372,2.9392643,2.7636893,2.8745944,2.9148452,0.15289299
O=C(O)COc1nc(Cl)c(Cl)cc1Cl,0.17204547,-0.18009186,0.3834344,0.5833572,0.22222638,0.6020882,0.55701995,0.33429712,0.2855534
O=C(O)C2(C)(CCCC3(C)(C1C(=CC(C=C)(C)CC1)CCC23)),1.7886941,1.7509449,1.7588888,1.6707736,1.772234,1.7200806,1.795865,1.7510687,0.04347238
O=C(O)c1nc(Cl)ccc1Cl,-0.060969353,-0.14921117,-0.07225537,0.09244871,-0.35681653,-0.046369314,0.18260646,-0.058652367,0.1724729
O=C(O)c1nc(ccc1Cl)Cl,-0.060969353,-0.14921117,-0.07225537,0.09244871,-0.35681653,-0.046369553,0.18260646,-0.0586524,0.1724729
O=C(O)c1ccccc1Cl,0.46785033,0.24878216,0.31791532,0.4687798,0.15571427,0.3822366,0.4362141,0.35392746,0.11929156
O=C(O)c1ccccc1C=3c4ccc(cc4(OC2=CC(C=CC2=3)=[N+](CC)CC))N(CC)CC,0.2758826,0.17447293,0.25552106,0.35578942,0.55609167,0.3799733,0.27787542,0.32508662,0.12212857
O=C(O)c1cccc([N+](=O)[O-])c1,0.63738453,0.7069602,0.65834653,0.5505674,0.6780046,0.66424525,0.68366563,0.6541677,0.050594952
O=C(O)C1C2CCC(O2)C1C(=O)O,-0.047900677,-0.12697291,-0.12579441,0.23905313,-0.08903861,-0.24786806,-0.042779446,-0.063043,0.14986818
O=C(O)C(Oc1ccc(cc1C)Cl)C,0.34071684,0.40128613,0.6739862,0.5887059,0.3265673,0.6509714,0.6574975,0.51996154,0.15713209
O=C(O)C(F)(F)C(F)(F)C(F)(F)C(F)(F)C(F)(F)C(F)(F)C(F)(F)C(F)(F)C(F)(F)C(F)(F)C(F)(F)C(F)(F)C(F)(F)C(F)(F)C(F)(F)F,3.065784,2.6937983,3.0741053,3.3439484,2.7187953,3.1760547,3.4563231,3.075544,0.28874233
O=C(O)C(C)(Cl)Cl,0.72093344,0.8116883,0.8182343,0.79340494,0.891757,0.78720856,0.683643,0.7866956,0.06788103
O=C(O)[C@H]1CCCC[C@H]1C(=O)O,0.32941437,0.283031,0.35697007,0.6370902,0.2209835,0.21257114,0.39574802,0.3479726,0.14432257
O=C(NN(C(=O)c1cc(cc(c1)C)C)C(C)(C)C)c2ccc(cc2)CC,0.8696376,1.1070297,0.8237741,0.5528457,1.209513,0.87668705,1.2626572,0.95744914,0.24995625
O=C(NCc1ccc(cc1)C(C)(C)C)c2c(c(nn2C)CC)Cl,1.1450754,1.0590627,1.120126,1.1550834,1.007365,1.0746148,1.3028634,1.1234558,0.0945823
O=C(Nc1cccc(c1)C(F)(F)F)N(C)C,0.88464284,1.0795525,0.7021662,0.78215134,0.6282022,0.72505796,0.88932407,0.813014,0.15117766
O=C(NC)C(=NOC)c1ccccc1COc2cc(ccc2C)C,1.6452764,1.9464269,2.1178186,1.5836377,1.882296,2.096763,1.8717384,1.8777082,0.20449893
O=C(NC(=O)c1ccccc1Cl)Nc1ccc(Cl)cc1,2.3571754,2.2828994,1.9230357,2.0691557,2.0247316,1.9937817,2.2894058,2.1343122,0.17148373
O=C(NC(=O)c1c(F)cccc1(F))Nc2cc(c(F)c(c2(F))Cl)Cl,2.2851741,2.4629364,2.2095685,2.1595476,1.8611528,2.4770913,2.5230765,2.2826498,0.2331941
O=C(N(CC)CC)SCc1ccc(cc1)Cl,2.408339,2.6646795,2.5642862,2.29644,2.8403778,2.5379963,2.7421422,2.57918,0.18847533
O=C(N(c1ccc(F)cc1)C(C)C)COc2nnc(C(F)(F)F)s2,1.6853595,1.3993118,1.3141296,1.4308584,1.4850944,1.3889854,1.5434381,1.4638824,0.12187874
O=C(c1ccccc1)c1ccccc1,0.7515402,0.92450535,0.92854214,0.7790239,0.91610134,0.8593488,1.1365023,0.89936626,0.12644695
O=C(c1c2c(ccc(c2c(cc1)Cl)Cl)C(=O)O)O,0.62624764,0.3687216,0.45784128,0.48168015,0.33721995,0.6242504,0.6075026,0.50049484,0.12163885
O=C(c1c(cc(cc1)OC)O)c1ccccc1,1.8325906,2.118024,1.8209434,1.8321153,2.034694,1.9458569,1.9334793,1.9311005,0.113675214
O=C(C(CC(=O)O)CCCCCCCCC=CCCCCCCCC)O,0.065170884,-0.20829463,0.26670015,0.7171174,-0.13315845,0.4736625,0.73525274,0.27377865,0.3853615
O=C(C(C(C(=O)O)Br)Br)O,1.031575,0.8859136,0.9702967,0.96625817,0.99923235,0.95686364,0.9513365,0.96592516,0.04497272
O=[N+](c1ccc(cc1)OC)[O-],0.65563834,0.74310887,0.70683515,0.6695831,0.8078104,0.7099525,0.7288616,0.7173985,0.050389152
O=[N+](c1cc2c(cc1)NC=N2)[O-],0.354293,0.07148945,0.35453892,0.46456146,0.22501743,0.4556799,0.35147786,0.32529402,0.13738622
O=[N+](c1cc(ccc1)C)[O-],0.8327595,0.7648246,0.970717,0.8442011,0.8532733,0.86100864,0.88207006,0.8584078,0.061676394
O=[N+]([O-])O[U](=O)(=O)O[N+](=O)[O-],1.027076,0.83191264,0.74903,1.3508413,1.1367031,1.0328875,1.3320901,1.0657915,0.2290617
O=[N+]([O-])c2ccc(Oc1ccc(cc1Cl)Cl)cc2(OC),3.0981636,3.4703367,3.3085766,3.3108234,3.4741173,3.2464375,3.3860655,3.3277888,0.13236992
O=[N+]([O-])c1ccc2[nH]cnc2c1,0.354293,0.07148945,0.35453892,0.46456122,0.22501743,0.4556799,0.35147786,0.32529396,0.13738619
O=[N+]([O-])c1ccc(OP(OC)(OC)=S)cc1Cl,1.6730407,1.9337382,1.9213068,1.811363,1.6886163,1.7912912,1.8485125,1.8096955,0.10249118
O=[N+]([O-])c1ccc(OP(OC)(OC)=S)cc1,1.5739326,1.7999532,1.6870055,1.5441331,1.7131387,1.6841639,1.6012954,1.6576604,0.08940961
O=[N+]([O-])c1ccc(OP(OC)(OC)=S)c(c1)Cl,1.7021077,1.8994346,1.7932736,1.7920064,1.7253696,1.7995116,1.8207048,1.7903441,0.06445315
O=[N+]([O-])c1ccc(Oc2c(Cl)cc(Cl)cc2Cl)cc1,3.2103992,3.239275,3.364712,3.3215077,3.467832,3.3069816,3.3371735,3.3211257,0.08449869
O=[N+]([O-])c1ccc(cc1)[N+](=O)[O-],0.54844165,0.1786865,0.37207103,0.5169692,0.4676063,0.26342165,0.44951808,0.39953062,0.1361073
O=[N+]([O-])c1cc(Cl)c(Cl)c(Cl)c1Cl,2.412115,2.0481892,2.3800035,2.3766422,2.4446392,2.481533,2.3118541,2.3507106,0.14391385
O=[N+]([O-])c1cc(cc(c1(NC(C)CC))[N+](=O)[O-])C(C)(C)C,2.4011915,1.5859752,2.1832519,1.9398686,2.1353474,2.4556892,2.2051492,2.129496,0.2944603
O=[N+]([O-])c1cc(c(O)c(c1)C)[N+](=O)[O-],0.1356988,-0.0568974,0.23281944,0.32476032,0.13057315,0.031472683,0.24828088,0.1495297,0.13196906
O=[N+]([O-])c1cc(c(N)c(c1)Cl)Cl,1.2250845,1.1678407,1.3164897,1.1681511,1.4018731,1.4018728,1.3290697,1.2871974,0.100985415
O=[N+]([O-])c1c(Cl)cc(Cl)cc1Cl,2.2986972,2.3737843,2.3627648,2.2778888,2.535449,2.4069445,2.2331781,2.3555295,0.0996895
O=[N+]([O-])c1c(Cl)c(Cl)c(Cl)c(Cl)c1Cl,3.2890496,3.1628401,3.0669754,3.0249674,3.5511613,3.370753,3.2339833,3.2428186,0.18185817
O=[N+]([O-])c1c(cc(cc1Cl)Cl)Cl,2.2986972,2.3737843,2.3627648,2.2778888,2.535449,2.4069445,2.2331781,2.3555295,0.0996895
O=[N+]([O-])c1c(c(c(c(c1Cl)Cl)Cl)Cl)Cl,3.2890496,3.1628401,3.0669756,3.0249677,3.5511613,3.370753,3.2339833,3.2428186,0.18185808
O=[N+]([O-])c1c(c(c(c(c1C)[N+](=O)[O-])C(C)(C)C)[N+](=O)[O-])C,3.5148668,3.372809,3.603891,3.3947716,3.6318884,3.6942263,3.496022,3.5297818,0.120547585
O[P](=O)(OCCC(F)(F)C(F)(F)C(F)(F)C(F)(F)C(F)(F)C(F)(F)C(F)(F)C(F)(F)F)OCCC(F)(F)C(F)(F)C(F)(F)C(F)(F)C(F)(F)C(F)(F)C(F)(F)C(F)(F)F,3.1240253,2.5748818,3.162353,3.1396086,2.6291695,2.8039894,3.2123785,2.9494863,0.2723771
O(c1ccc(c(c1)C)SC)P(OC)(OC)=S,2.202651,2.2537777,2.2119064,2.0721362,2.2622108,2.2302952,2.4107623,2.23482,0.10009307
O(c1cc(c(cc1Cl)Br)Cl)P(OC)(c2ccccc2)=S,3.0964923,2.9995553,3.3018765,3.1752334,3.0411458,3.1004014,3.379764,3.1563528,0.13905525
O(c1cc(c(c(c1)Br)Br)C)CC2OC2,1.9256155,1.9026232,2.0221992,2.0128548,2.366859,2.1712613,2.2067294,2.0868776,0.16807362
NCCNCCN,0.43465924,0.18919957,0.55827796,0.6024331,0.30224705,0.20916402,0.4465587,0.39179137,0.16296175
NCc1cccc(CN)c1,0.43581152,0.25809896,0.24807489,0.47933543,0.29118323,0.32904816,0.3542025,0.34225065,0.08795973
Nc1nc(N)nc(NC2CC2)n1,0.14103484,0.012130141,0.017953992,0.26812005,-0.12300825,0.20233154,0.112725735,0.09018401,0.13171482
Nc1cnccc1,0.42076826,0.24294174,0.36515725,0.42180777,0.14893687,0.49144375,0.3751186,0.3523106,0.11753156
Nc1ccncc1,0.48214376,0.27565873,0.43280756,0.4864267,0.14966881,0.5322311,0.3735217,0.39035124,0.13598679
Nc1ccccn1,0.73101723,0.6326926,0.68920887,0.8638301,0.4681306,0.77274346,0.7509717,0.7012278,0.12522759
Nc1cccc2ccccc12,0.8885969,1.0492961,1.1600995,1.0216758,0.8236108,1.0450847,0.9755136,0.99483955,0.11143116
Nc1cccc2cccc(c12)N,0.76607907,0.6262938,0.807132,0.7009914,0.52573764,0.63580966,0.6520823,0.67344654,0.09409709
Nc1cccc(S(=O)(=O)c2cccc(N)c2)c1,0.30867565,0.12949681,0.5099299,0.2999915,0.3607942,0.4767505,0.6018232,0.3839231,0.15808725
Nc1cccc(Cl)c1,0.7708478,0.8872756,0.71707463,0.7009071,0.547408,0.7150804,0.7847786,0.7319103,0.1032434
Nc1cccc(c1)Cl,0.7708478,0.8872756,0.71707463,0.70090735,0.54740787,0.7150804,0.7847786,0.7319103,0.103243425
Nc1cccc(c1)[N+]([O-])=O,0.52215254,0.46828687,0.51721835,0.42555845,0.40509856,0.46012747,0.5861335,0.48351082,0.062511735
Nc1cccc([N+](=O)[O-])c1,0.52215254,0.46828687,0.51721835,0.42555845,0.40509856,0.46012747,0.5861335,0.48351082,0.062511735
Nc1ccc2ccccc2c1[S](O)(=O)=O,0.41166937,0.5331111,0.60401237,0.584244,0.45764744,0.567067,0.46864986,0.51805735,0.07280838
Nc1ccc2c(c1)C(=O)c1ccccc1C2=O,1.8101944,1.6357576,1.9432569,1.7901511,1.8474697,1.8230234,1.9389023,1.8269651,0.103832014
Nc1ccc(Oc2c(Cl)cc(Cl)cc2Cl)cc1,2.028817,2.0907302,1.9173186,1.9946985,2.0074055,1.8798034,2.0043411,1.9890163,0.0702414
Nc1ccc(Cc2ccc(N)c(Cl)c2Cl)c(Cl)c1Cl,2.7559311,2.5758538,2.7922053,2.5732744,2.674221,2.685071,2.7736526,2.6900299,0.09010927
Nc1ccc(cc1)[N+]([O-])=O,0.46743786,0.34779596,0.5233749,0.40543723,0.45998335,0.4870838,0.5542352,0.46362117,0.06971437
Nc1ccc(/C=C/c2ccc(N)cc2S(=O)(=O)O)c(S(=O)(=O)O)c1,0.14747596,0.33902872,0.17053652,0.33460653,0.291986,0.23087478,0.17209816,0.2409438,0.081171826
Nc1cc(S(=O)(=O)O)cc2cc(S(=O)(=O)O)cc(O)c12,-0.049438715,0.1998123,-0.006377816,0.19318736,0.14833784,0.028242469,-0.1665144,0.049607005,0.13725522
Nc1c2c(ccc1)c(ccc2)N,0.7626873,0.6206536,0.76341987,0.62571704,0.47044194,0.6159744,0.6048837,0.63768256,0.10114812
Nc1c(S(=O)(=O)O)cc(Nc2cccc(S(=O)(=O)CCOS(=O)(=O)O)c2)c2c1C(=O)c1ccccc1C2=O,0.5298295,0.85614,0.20382106,0.5856979,0.30381906,0.34334838,0.3132316,0.44798395,0.22426213
Nc1c(Oc2ccc(Br)cc2)cc(O)c2c1C(=O)c1ccccc1C2=O,1.7456794,1.8013662,1.8087733,1.7270021,1.9220861,1.789653,2.0148995,1.8299227,0.10270063
Nc1c(Cl)cc([N+](=O)[O-])cc1[N+](=O)[O-],0.8568255,0.6940619,0.83460414,0.7754874,1.0156299,0.83554053,0.90582967,0.8454255,0.10063569
Nc1c(Cl)c(Cl)cc(Cl)c1Cl,2.4961004,2.3790774,2.5010967,2.4272525,2.5897915,2.532438,2.400555,2.4751873,0.075966306
Nc1c(cccc1)[N+](=O)[O-],0.6311058,0.6417582,0.6880884,0.6962315,0.569702,0.58721805,0.7601056,0.6534585,0.06638505
Nc1c(cc(cc1)Cl)[N+](=O)[O-],1.145471,1.0627162,1.13719,0.9787355,1.0465744,1.134124,1.164506,1.0956166,0.067812406
Nc1[nH]ncn1,0.21501231,0.090994835,0.2143476,0.2584275,0.10635769,0.15309417,0.2133429,0.17879672,0.062885
NC(=O)N=NC(N)=O,0.65737617,0.2203883,0.6433389,0.4189676,0.25052714,0.7879994,0.5722375,0.5072621,0.21606006
NC(=O)c1c(Cl)c(Cl)c(Cl)c(Cl)c1C(O)=O,0.04895401,0.0024547577,0.15213192,0.06942105,0.03043735,0.19963527,0.10351002,0.086649194,0.06988602
n3c5ccc1ccccc1c5(cc4ccc2ccccc2c34),3.194079,2.7995315,3.0654824,2.9453092,2.9629529,3.0333328,2.9547892,2.9936392,0.12205033
n1nc(nnc1c2ccccc2Cl)c3ccccc3Cl,2.3228564,2.3373873,2.4180806,2.3260717,2.5236702,2.6534204,2.425839,2.4296181,0.12227503
n1cnn(c1)CC2(OCC(O2)CCC)c3ccc(cc3Cl)Cl,1.8597459,1.9438835,1.9031259,1.866232,2.021085,1.9623009,1.9824411,1.9341164,0.060399026
n1cnn(c1)CC2(OCC(O2)C)c4ccc(Oc3ccc(cc3)Cl)cc4Cl,1.9798131,1.9196362,1.9997165,2.098738,1.9049882,2.0025942,2.1294272,2.0049875,0.083891146
n1c(nc(nc1NCC)Cl)NCC,0.6575675,0.51337385,0.43902397,0.5670724,0.24717546,0.4969257,0.50348544,0.48923203,0.12672369
n1c(nc(nc1NC(C)C)SC)NC(C)C,1.1760412,1.2900794,1.2385157,1.0766096,1.2456892,1.2784388,1.2417662,1.22102,0.0733583
n1c(nc(nc1NC(C)C)Cl)NCC,0.9509405,0.6789044,0.71580505,0.8013382,0.646698,0.7816404,0.8185748,0.77055734,0.102187134
n1c(nc(nc1NC(C)(C)C)Cl)NCC,1.2859268,0.98462474,1.0702055,1.06107,1.0429871,1.0928273,1.084861,1.0889289,0.09394734
N=C(Nc1ccccc1)Nc1ccccc1,0.6461828,0.8730999,0.65327096,0.8167014,0.6236572,0.47554266,1.1521688,0.7486605,0.22088975
N=C(c1ccc(cc1)N(C)C)c2ccc(cc2)N(C)C,0.6883676,0.59494424,1.0462637,0.9132745,0.46600306,0.7026112,1.146844,0.7940441,0.24801801
N[S](=O)(=O)c1ccccc1,0.19928169,0.45541155,0.42413938,0.5485984,0.36311984,0.42702365,0.5971197,0.4306706,0.12934725
N(c1ccccc1)c2ccc3ccccc3c2,2.6525354,2.6771727,2.9939828,2.721616,2.8509376,2.9173193,3.071362,2.8407037,0.16279025
N(=C=NC1CCCCC1)C1CCCCC1,0.2572856,-0.17511082,-0.13694859,0.2721244,-0.15061808,-0.40796828,-0.01971662,-0.051564626,0.24514166
N(=C(N)N)CCCCCCCCCCCC,2.110838,1.7894325,1.5556962,2.0865467,2.1774669,1.671366,1.7645881,1.8794192,0.24312387
N#CCCN(CCC#N)c1ccc(N=Nc2c(Cl)cc([N+](=O)[O-])cc2Cl)cc1,1.3287547,1.6156596,1.3453767,1.4076974,1.6128193,1.435988,1.4922624,1.4626511,0.117083505
N#Cc1cccc(c1)C#N,0.33289015,0.24525607,0.37666738,0.53024054,0.48659682,0.49223495,0.52885723,0.42753473,0.1104987
N#Cc1cc(c(O)c(c1)Br)Br,1.3070469,1.3894904,1.3700247,1.3158809,1.2886727,1.3640026,1.415985,1.3501575,0.047046993
N#Cc1cc(Br)c(O)c(Br)c1,1.3070469,1.3894904,1.3700247,1.3158809,1.2886729,1.3640025,1.4159849,1.3501576,0.047046907
N#Cc1c(Cl)c(Cl)c(Cl)c(C#N)c1Cl,1.7042357,1.7073905,1.6398767,1.5939373,1.8004084,1.8260207,1.6566199,1.70407,0.084326364
N#CC(OC(=O)C1C(C=C(Cl)Cl)C1(C)(C))c3ccc(F)c(Oc2ccccc2)c3,2.5804787,2.3898315,2.481095,2.736191,2.6430147,2.6906435,2.5811605,2.5860593,0.11993004
N#CC(OC(=O)C1C(C=C(Br)Br)C1(C)(C))c3cccc(Oc2ccccc2)c3,2.4040356,2.5003636,2.4887228,2.572001,2.4446554,2.412562,2.4361355,2.4654965,0.059124608
N#CC(c1ccccc1)(Cn2ncnc2)CCc3ccc(cc3)Cl,1.7852626,1.9574878,1.832567,1.8986053,1.8423873,1.8653033,1.9928161,1.8820612,0.07292008
N#CC(=C1CCCCC1)c1ccccc1,2.9269133,2.558743,2.4745936,2.311189,2.541174,2.4010758,2.6383498,2.550291,0.19787128
FP1(F)=NP(F)(F)=NP(F)(Oc2ccccc2)=N1,2.2225246,2.0899,2.2267447,2.1866157,2.1132324,2.3444161,2.5179179,2.24305,0.14719996
Fc3ccc(Oc2ccnc1cc(cc(c12)Cl)Cl)cc3,3.2508552,3.2303438,3.4436488,3.3143568,3.3095772,3.5757847,3.1678233,3.3274844,0.13930793
Fc2c(ncnc2(Oc1ccccc1Cl))Oc4ccccc4(C(=NOC)C3=NOCCO3),1.7512921,1.9909449,1.6123605,1.5638088,2.2386425,2.149354,2.0045626,1.9015665,0.2626526
FC(F)C(F)(F)Oc1ccc(cc1)C(C)(C)CC(C)(C)C,3.9438655,4.00244,3.7277312,3.5910177,3.9130204,3.8645272,3.7891746,3.8331108,0.14139532
FC(F)(F)c1ccccc1,1.4204019,1.4576105,1.4488919,1.4566627,1.4922571,1.3661844,1.5151178,1.4510181,0.048344906
FC(F)(F)c1ccc(c(c1)Cl)Cl,2.8226323,2.774485,2.8423352,2.7125425,2.840543,2.8241115,2.7729285,2.7985113,0.047516245
FC(C(F)(Cl)Cl)(F)Cl,1.6437819,1.5729084,1.4341867,1.5792248,1.4039308,1.5789282,1.5197937,1.5332506,0.086321436
FC(C(C(F)(F)F)O)(F)F,0.5403377,0.5259136,0.33721328,0.4017532,0.26203156,0.3346207,0.37733912,0.39702988,0.1026772
CSc1nc(NC(C)C)nc(NC(C)C)n1,1.1760414,1.2900792,1.2385159,1.0766096,1.2456889,1.2784388,1.2417662,1.22102,0.07335825
COP(=S)(OC)Oc1c(Cl)cccc1C#N,1.813719,2.0893037,2.1743112,2.087141,2.1181123,2.0534751,2.0746017,2.0586662,0.114700384
COP(=O)(OC)Oc1ccc([N+](=O)[O-])c(C)c1,0.5745739,0.7268851,0.512578,0.80372727,0.3260547,0.5233971,0.57109094,0.576901,0.15487012
CON(C)C(=O)Nc1ccc(Cl)cc1,1.1782761,1.239475,1.0147011,1.1807231,0.9773377,1.2467272,1.1783135,1.145079,0.10634501
COCN(c1nc(nc(n1)N(COC)COC)N(COC)COC)COC,-0.12778258,-0.44415784,-0.06929088,-0.3115127,-0.40754724,-0.20579553,-0.17391825,-0.24857214,0.14237468
COc1cccc2ccccc12,2.0800793,2.068685,2.168572,2.2294238,2.0988123,2.2065678,2.1558106,2.143993,0.06292235
COc1ccc(cc1)[N+]([O-])=O,0.65563834,0.74310887,0.70683515,0.6695831,0.80781054,0.7099525,0.72886145,0.7173985,0.050389186
COc1cc(Cl)c(Cl)cc1O,2.052033,1.9512562,1.9969105,1.9785475,2.196485,2.0590432,1.9414042,2.0250971,0.0881949
COc1cc(Cl)c(Cl)c(Cl)c1O,2.0552745,2.0573614,2.1702862,2.0988855,2.272976,2.2033782,2.2032337,2.151628,0.08303277
COc1c(O)c(Cl)c(Cl)c(Cl)c1Cl,2.4954937,2.7995143,2.6228268,2.5581145,2.761457,2.5626087,2.627995,2.6325727,0.11092507
COC1=NN(CS[P](=S)(OC)OC)C(=O)S1,0.5107194,0.7253331,0.5604378,0.52279687,0.61653876,0.66460073,0.54206264,0.5917842,0.08014146
COC(=O)C1(Cl)C(Cl)CCC2(C)c3ccc(C(C)C)cc3CCC21,2.7264729,2.6182742,2.6483245,2.5117273,2.8724403,2.4775748,2.967546,2.6889088,0.18047401
COC(=O)C(C)Oc1ccc(Oc2ncc(C(F)(F)F)cc2Cl)cc1,1.2371795,1.1424263,1.325979,1.5974681,1.2184384,1.2682151,1.903346,1.3847218,0.27061123
CO[P](=S)(OC)Oc1ccc(SC)c(C)c1,2.202651,2.2537777,2.2119064,2.0721362,2.2622108,2.2302952,2.4107623,2.23482,0.10009307
CNc1ccc(C(=O)O)cc1,0.4082898,0.3698225,0.34115815,0.41604197,0.21270418,0.38074183,0.49683022,0.3750841,0.08677575
CNC(=O)ON=C(SC)C(=O)N(C)C,0.33025038,0.28454852,0.48329222,0.43363416,0.40704846,0.512993,0.21254528,0.38061598,0.10923148
CN1CCCCC1,0.5514947,0.7709991,0.35390544,0.40827823,0.7124288,0.6233196,0.5499612,0.56719816,0.1511453
CN(C)C1CSSC1,1.6844634,1.8197044,1.6352923,1.6203077,1.8131027,1.7378519,1.4016839,1.6732008,0.1433519
CN(C)C(=S)SSC(=S)N(C)C,1.3524433,0.8659495,1.2305479,1.5152081,0.8701974,1.3601434,1.1955919,1.198583,0.24817301
ClCCOCCCl,0.7305534,0.47538662,0.7783971,0.6679367,0.59690475,0.65495,0.78747845,0.67022955,0.11004961
ClCCCCCCCCCl,2.4486425,2.2644463,2.291374,2.291782,2.1823041,2.2187088,2.3946216,2.29884,0.09390156
ClCCCBr,1.1065049,0.9483,1.1331283,1.1679947,1.0300033,1.07508,1.0894636,1.0786393,0.072126694
ClCC(Cl)Cl,1.069207,0.86170185,0.9744359,1.0853429,0.9614813,0.9433104,0.9914108,0.9838414,0.076153785
ClCC(Cl)CCl,1.0533191,0.84109175,0.9355819,1.0504751,1.0640898,0.9984917,0.998976,0.9917179,0.0800238
Clc1ccccn1,0.8062298,0.6593001,0.7000718,0.90750015,0.6850747,0.7790319,0.87463605,0.7731207,0.09620961
Clc1ccccc1NNc2ccccc2Cl,3.098517,3.2534528,3.426497,3.1661863,3.5817242,3.5954719,3.3547077,3.353794,0.19411263
Clc1ccccc1c2c(Cl)c(Cl)c(Cl)c(Cl)c2Cl,4.960945,4.4061656,4.9161677,4.5173244,4.7331867,4.590148,4.8287897,4.7075324,0.2097174
Clc1cccc(Cl)c1-c1c(Cl)cccc1Cl,4.2392635,3.6485486,4.3324766,4.1748347,4.2141504,4.303544,4.0969286,4.1442494,0.23223986
Clc1cccc(-c2cccc(Cl)c2)c1,3.6068373,3.940578,3.7132072,3.7355402,3.6646047,3.953117,3.6873198,3.757315,0.13569662
Clc1cccc(c1)c1cccc(c1)Cl,3.6068377,3.940578,3.7132075,3.7355402,3.6646047,3.953117,3.6873198,3.757315,0.13569652
Clc1ccc2C(=O)c3ccccc3C(=O)c2c1,2.4396558,2.1181471,2.280979,2.258568,2.4858358,2.4924512,2.2098424,2.3264973,0.14687791
Clc1ccc(Oc2ccccc2)c(Cl)c1,3.6660202,3.7448218,3.6658735,3.6826873,3.8839202,3.751978,3.5322177,3.7039313,0.107392594
Clc1ccc(Oc2ccc(Cl)c(Cl)c2)c(Cl)c1,3.9645576,4.354048,4.0801706,3.9734507,4.295407,4.0666647,4.0721865,4.115212,0.15151548
Clc1ccc(Oc2cc(Cl)c(Cl)cc2Cl)c(Cl)c1,4.0856457,4.287259,4.1560717,4.033929,4.3926234,4.0337234,4.0694675,4.1512456,0.1386554
Clc1ccc(Cl)cc1,1.9361594,2.1792445,2.2791176,2.1963,2.369316,2.303955,2.1429648,2.2010083,0.14085244
Clc1ccc(Cl)c2ccccc12,3.1189888,3.0918689,3.5841334,3.3054848,3.894033,3.473682,3.3892436,3.408205,0.27865523
Clc1ccc(Cl)c(-c2ccc(Cl)c(Cl)c2Cl)c1,5.1478424,5.081124,5.1339436,4.870122,5.2025986,5.142705,4.8954372,5.0676813,0.13135582
Clc1ccc(cc1)c2ccc(Cl)cc2,3.539834,3.700357,3.5052698,3.780509,3.542513,3.6931667,3.4241574,3.5979724,0.12788369
Clc1ccc(cc1)C(c2ccc(Cl)cc2)C(Cl)(Cl)Cl,4.103071,3.3639984,4.3648176,4.040537,4.161978,4.2535677,4.1503735,4.06262,0.325462
Clc1ccc(cc1)C(=C)C,2.8789172,2.7023702,2.8652203,2.879156,2.9972067,2.9911819,3.0510793,2.9093044,0.1162815
Clc1ccc(-c2ccccc2)cc1,3.081212,2.9311652,3.1164045,3.4614356,2.9984856,3.3282747,3.1198955,3.1481247,0.18545501
Clc1ccc(-c2ccccc2)c(Cl)c1Cl,4.1317053,3.928278,4.17211,3.9737744,4.175278,4.100259,4.0136175,4.0707173,0.098955356
Clc1ccc(c2ccccc2)c(Cl)c1Cl,4.1317053,3.928278,4.17211,3.9737744,4.175278,4.100259,4.0136175,4.0707173,0.098955356
Clc1ccc(-c2ccc(Cl)cc2)cc1,3.5398343,3.700357,3.5052698,3.780509,3.542513,3.6931667,3.4241574,3.5979726,0.12788367
Clc1ccc(-c2ccc(Cl)c(Cl)c2)cc1,4.1936746,4.332894,4.3625402,4.1631317,4.4558983,4.3501825,4.2508287,4.301307,0.10348891
Clc1ccc(-c2ccc(Cl)c(Cl)c2)c(Cl)c1,4.7190514,4.746091,4.630533,4.5424843,4.8405266,4.661249,4.613513,4.6790643,0.09813708
Clc1ccc(-c2cc(Cl)c(Cl)cc2Cl)cc1Cl,5.189641,5.1720595,5.006923,4.96641,5.2947774,5.036867,5.092844,5.108503,0.11633765
Clc1ccc(-c2c(Cl)ccc(Cl)c2Cl)c(Cl)c1Cl,5.414014,5.4049473,5.463274,5.1475477,5.6000814,5.4480257,5.1768675,5.379251,0.16179729
Clc1cc2oc3cc(Cl)c(Cl)c(Cl)c3c2cc1Cl,3.482366,3.6992326,3.7074,3.647461,4.1042223,3.7106676,3.6740952,3.7179205,0.18802159
Clc1cc2oc3c(Cl)c(Cl)ccc3c2cc1Cl,3.4032283,3.3239493,3.539014,3.6546724,3.7383652,3.5383167,3.5462012,3.534821,0.14008176
Clc1cc2oc3c(Cl)c(Cl)c(Cl)c(Cl)c3c2cc1Cl,3.3600495,3.3669994,3.6082406,3.4403033,3.724617,3.5653567,3.5100665,3.510805,0.13326882
Clc1cc2ccccc2cc1Cl,2.8467884,2.7418299,3.1280055,2.977385,2.88706,2.9298463,3.356121,2.981005,0.20371386
Clc1cc2c(oc3c2cc(c(c3)Cl)Cl)cc1Cl,3.586819,3.6914144,3.693562,3.7351243,4.131193,3.7338703,3.635116,3.7438715,0.17887177
Clc1cc2c(cc1Cl)Oc1c(Cl)c(Cl)c(Cl)c(Cl)c1O2,4.144147,3.8333392,3.9687746,3.8502998,3.8870177,3.8766708,3.9987292,3.936997,0.10964357
Clc1cc2c(cc1)Oc1c(ccc(c1)Cl)O2,2.7760358,2.6088963,2.9329276,3.0601506,2.7984948,3.0605326,2.8294706,2.8666441,0.16335087
ClC1CC2C(C1Cl)C3(Cl)C(=C(Cl)C2(Cl)C3(Cl)Cl)Cl,4.23341,4.3762712,4.339245,4.175089,4.3770714,4.3803234,4.25471,4.30516,0.083317794
Clc1cc2c(c(Cl)c1Cl)Oc1c(Cl)c(Cl)c(Cl)c(Cl)c1O2,4.107917,3.5899415,3.9444342,3.9304051,3.5793905,3.933152,4.1140323,3.8856103,0.22004333
Clc1cc(Cl)cc(-c2cc(Cl)cc(Cl)c2)c1,4.6878123,4.9791822,4.5881214,4.502487,4.979086,4.608132,4.6962357,4.7201505,0.18846743
Clc1cc(Cl)c2Oc3ccccc3Oc2c1Cl,3.0504236,3.08988,2.9886208,3.026898,3.1015725,3.0028365,2.97642,3.0338073,0.048912235
Clc1cc(Cl)c2cc(Cl)cc(Cl)c2c1,4.1050644,4.193943,4.0107527,4.5300717,4.416563,4.394605,3.914524,4.2236466,0.22955193
Clc1cc(Cl)c2C3N=C(N=C4N5[Cu]N6C(N=C7N=C(N=C5c8c(Cl)c(Cl)c(Cl)c(Cl)c48)c9c(Cl)c(Cl)c(Cl)c(Cl)c79)c%10c(Cl)c(Cl)c(Cl)c(Cl)c%10C6=N3)c2c1Cl,1.6862111,1.5318153,1.5228379,1.7653484,1.3850031,2.0996776,1.2886188,1.6113589,0.26997903
Clc1cc(Cl)c(Oc2ccccc2)cc1Cl,3.6918707,3.6177514,3.756934,3.7377496,3.8673725,3.7718942,3.758806,3.743197,0.07645925
Clc1cc(Cl)c(Cl)cc1Cl,3.30582,3.3358355,3.2585676,3.2296333,3.4368186,3.429603,3.2933311,3.3270872,0.08001144
Clc1cc(Cl)c(Cl)c(Cl)c1Cl,3.77417,3.896353,3.6876009,3.7195091,3.8806624,3.9106536,3.8129692,3.8117027,0.08852837
Clc1cc(Cl)c(Cl)c(-c2c(Cl)ccc(Cl)c2Cl)c1,5.492178,5.541052,5.4388585,5.214323,5.6592703,5.4952164,5.2976675,5.4483666,0.14986786
Clc1cc(Cl)c(-c2ccccc2Cl)cc1Cl,4.6571026,4.5960894,4.6377335,4.469352,4.871738,4.6907845,4.5352983,4.6368713,0.12814188
Clc1cc(Cl)c(-c2ccccc2Cl)c(Cl)c1,4.3081274,4.2691164,4.210095,4.3038535,4.4479885,4.3797207,4.256501,4.310772,0.08005574
Clc1cc(Cl)c(-c2ccccc2)cc1Cl,4.297989,4.147514,4.1854753,4.0834703,4.331105,4.2803607,4.227149,4.2218666,0.08867856
Clc1cc(Cl)c(-c2ccccc2)c(Cl)c1,3.980116,4.2389255,3.9409971,4.0761766,4.2478642,4.074813,4.036318,4.08503,0.118678056
Clc1cc(Cl)c(-c2cc(Cl)ccc2Cl)c(Cl)c1,4.710579,4.537738,4.6298704,4.5321136,4.64582,4.733655,4.5384035,4.6183114,0.08467114
Clc1cc(Cl)c(-c2c(Cl)cccc2Cl)c(Cl)c1,4.498393,4.373396,4.4453874,4.3035717,4.3601823,4.510921,4.3533134,4.406452,0.07908281
Clc1cc(ccc1Cl)c1ccccc1Cl,4.3273106,4.3130627,4.3342514,4.0631657,4.5109673,4.369838,4.249378,4.3097105,0.13507234
Clc1cc(ccc1Cl)c1c(Cl)ccc(c1Cl)Cl,5.2029963,5.341102,5.052262,4.9430733,5.4116783,5.220753,4.9855094,5.165339,0.17822818
Clc1cc(cc(c1)Cl)Cl,3.0382185,3.219853,3.0488286,3.1886759,3.371378,3.2581153,2.9468284,3.1531281,0.14776859
Clc1cc(-c2ccccc2)c(Cl)c(Cl)c1Cl,4.706698,4.3551373,4.7299476,4.335945,4.7771935,4.7832985,4.677393,4.6236587,0.19365813
Clc1cc(-c2c(Cl)ccc(Cl)c2Cl)c(Cl)c(Cl)c1Cl,6.07856,6.151638,6.091593,5.650133,6.388961,6.2026663,6.039687,6.0861773,0.22431967
Clc1c(Cl)c(Cl)c2ccccc2c1Cl,3.138351,3.170702,3.3036048,2.990786,3.3495917,3.2976284,3.2417068,3.2131958,0.1235536
Clc1c(Cl)c(Cl)c2c(c1Cl)Oc1c(Cl)c(Cl)c(Cl)c(Cl)c1O2,3.573429,3.2131486,3.6031237,3.6275816,3.3055818,3.4836993,3.7691302,3.5108135,0.1933321
Clc1c(cccc1)Cl,1.8674173,1.9973192,1.9634398,1.9580038,2.114016,2.0741324,1.8945808,1.9812728,0.08929277
Clc1c(cccc1)c1c(cccc1)Cl,3.8044138,3.6310964,3.6781783,3.6752505,4.1655216,4.031413,3.7480822,3.8191364,0.2025837
Clc1c(cccc1)C(O)CO,0.39818096,0.6826745,0.52868557,0.5612234,0.35846102,0.52650774,0.35582578,0.48736557,0.12159565
Clc1c(cccc1)C(=O)O,0.46785057,0.2487824,0.31791532,0.4687798,0.15571427,0.38223624,0.43621433,0.35392755,0.119291574
Clc1c(ccc(c1Cl)Cl)c1ccc(c(c1Cl)Cl)Cl,5.223957,5.1248035,5.224417,4.922384,5.3537445,5.2553997,5.064188,5.1669846,0.14225376
Clc1c(ccc(c1C(=O)O)Cl)Cl,-0.204314,-0.27492738,-0.2780745,-0.30195308,-0.3087709,-0.3283522,-0.23218489,-0.275511,0.043876104
Clc1c(ccc(c1)Cl)c1ccc(cc1)Cl,4.1688385,4.4725986,4.040637,4.2857485,4.3524365,4.2995853,4.0948687,4.2449594,0.15170582
Clc1c(ccc(c1)c1cc(c(c(c1)Cl)Cl)Cl)Cl,5.374767,5.1615124,5.337717,5.1070023,5.6096516,5.328041,5.25136,5.3100076,0.16420254
Clc1c(cc(c(c1)Cl)Cl)Cl,3.30582,3.3358355,3.2585678,3.2296333,3.4368186,3.429603,3.2933311,3.3270872,0.080011405
Clc1c(cc(c(c1)Cl)Cl)c1cc(ccc1Cl)Cl,5.152255,5.0173216,5.077318,4.8889065,5.3027396,5.0476646,5.017901,5.0720153,0.12893268
Clc1c(c(cc(c1)Cl)Cl)Oc1ccc(cc1Cl)Cl,3.8938446,4.0105133,4.006882,3.9425416,4.226044,4.017524,3.9048023,4.000307,0.111947395
ClC1C(C(C(C(C1Br)Br)Br)Br)Br,2.7678068,2.6265876,2.64538,2.7966032,2.5396807,2.8606355,2.831058,2.7239645,0.120391585
ClC12C3C(C(C1(Cl)Cl)(C(=C2Cl)Cl)Cl)C(C(C3)Cl)Cl,4.23341,4.3762712,4.339245,4.175089,4.3770714,4.3803234,4.25471,4.30516,0.083317794
ClC12C(C(C(C1(Cl)Cl)(C(=C2Cl)Cl)Cl)C(=O)O)C(=O)O,-0.5933721,-0.60040355,-0.4534657,-0.30072165,-0.7344749,-0.48086286,-0.15693045,-0.47431874,0.1954061
ClC1=C(Cl)C2(Cl)CC1(Cl)C(Cl)=C2Cl,3.8896694,3.77434,3.6015017,3.7083611,3.962296,3.8294382,3.8241827,3.7985413,0.118514985
ClC1=C(Cl)C2(Cl)C3C4C=CC(C4)C3C1(Cl)C2(Cl)Cl,3.0479712,3.1072006,3.2666807,2.9479754,3.0438986,3.1154342,3.10022,3.0899112,0.09688995
ClC1=C(Cl)C2(Cl)C3C(Cl)C=CC3C1(Cl)C2(Cl)Cl,3.6570883,3.838772,3.7240567,3.5076175,3.7723217,3.8454,3.648388,3.7133777,0.12004967
ClC1=C(Cl)C2(Cl)C(Cl)CC1(Cl)C2(Cl)Cl,4.1146393,4.148938,4.0421224,4.0251064,4.200968,4.2227764,4.191001,4.135079,0.0780002
ClC(Cl)C(Cl)Cl,1.5453056,1.3524628,1.3132538,1.374772,1.2450919,1.4133445,1.393874,1.3768722,0.09309734
ClC(Cl)=C(Cl)C(Cl)=C(Cl)Cl,3.297269,3.6531281,3.2240613,3.240215,3.4541812,3.710082,3.334095,3.4161475,0.19694243
ClC(CCl)CCl,1.0533192,0.84109175,0.9355819,1.0504751,1.0640898,0.9984917,0.998976,0.9917179,0.08002382
ClC(c1ccccc1)(c2ccccc2)c3ccccc3,2.571989,2.2802074,2.9393122,3.0647492,2.4896545,2.6540155,2.546893,2.649546,0.26922953
ClC(c1ccccc1)(c1ccccc1)c1ccccc1,2.571989,2.2802074,2.9393122,3.0647492,2.4896545,2.6540155,2.546893,2.649546,0.26922953
CCOP(=S)(S)OCC,0.58716226,0.32957602,0.7831365,0.6136091,0.39444292,0.54587424,0.69183946,0.5636629,0.15884648
CCOP(=S)(OCC)SCSc1ccc(Cl)cc1,2.8240607,2.696761,2.8184147,2.6385245,2.7707353,2.6801596,2.8150716,2.7491035,0.07633595
CCOP(=S)(OCC)SCCSCC,2.0208147,2.082813,2.0085106,1.9794341,1.9871262,2.0669527,1.7568899,1.9860774,0.10815163
CCOP(=S)(Oc1ccc(cc1)S(=O)C)OCC,1.2921706,1.8927258,1.3428924,1.4662726,1.4175789,1.5773213,1.4310851,1.488578,0.19993949
CCOc1ccc(NC(=O)C(N=Nc2ccc(-c3ccc(N=NC(C(C)=O)C(=O)Nc4ccc(OCC)cc4)c(Cl)c3)cc2Cl)C(C)=O)cc1,0.3166902,0.744756,0.4372505,0.53085446,0.3054539,0.5762533,0.8059038,0.53102314,0.19532038
CCOc1ccc(cc1)C(COCc1cccc(c1)Oc1ccccc1)(C)C,3.4427853,3.6639638,3.5226052,3.2857482,3.5705223,3.4484925,3.4285855,3.4803863,0.12014295
CCOC(N)=O,0.5099162,0.3541876,0.7042917,0.2835462,0.24706566,0.5616665,0.6976292,0.47975758,0.18881847
CCOC(C)=O,0.5032995,0.5112628,0.63080764,0.49755585,0.67250955,0.6195557,0.50927174,0.56346613,0.074383914
CCOC(=O)C(SP(=S)(OC)OC)c1ccccc1,1.6374649,1.5906723,1.5837666,1.574716,1.7012355,1.6682605,1.6966228,1.6361055,0.054025114
CCO[P](=S)(OCC)SCC[S](=O)(=O)CC,0.66477406,0.45993865,0.5128288,0.69881904,0.63724506,0.5935601,0.6204686,0.5982335,0.084658794
CCNc1nc(NC(C)C)nc(SC)n1,0.97155106,1.0163503,1.028542,1.0371035,1.0851018,1.1332715,1.067207,1.0484468,0.05221553
CCNc1ccccc1,0.76676357,0.93234897,0.803203,0.93254936,0.7392261,0.8092916,0.8934791,0.8395518,0.07933925
CCNc1cccc2ccccc12,1.7966423,2.147511,2.2781591,2.086732,2.0961614,2.0590565,2.3638887,2.118307,0.18036176
CCN(CC)c1ccccc1,1.3932757,1.7929534,1.8051387,1.7631366,1.786722,1.7244325,1.8102294,1.725127,0.1492253
CCN(CC)c1c([N+](=O)[O-])cc(C(F)(F)F)c(N)c1[N+](=O)[O-],2.0765016,2.277277,1.910979,1.4487865,2.3274138,2.4988291,2.0422392,2.0831466,0.34251934
CCN(CC)C(=O)SCc1ccc(Cl)cc1,2.4083393,2.6646795,2.5642862,2.29644,2.8403778,2.5379963,2.7421422,2.5791802,0.18847528
CCCSP(=S)(OCC)Oc1ccc(Cl)cc1Cl,3.6238222,3.8575206,3.6621108,3.382265,3.919672,3.7654636,3.5127683,3.674803,0.18980679
CCCN(CC1CC1)c1c([N+](=O)[O-])cc(C(F)(F)F)cc1[N+](=O)[O-],3.0570102,2.9660723,3.1870303,2.987877,3.3861558,3.2310467,2.8674479,3.09752,0.17936298
CCCCOP(=O)(O)OCCCC,0.32753944,0.3165319,0.2429924,0.3126495,0.30290806,0.32747805,0.40701222,0.31958738,0.04825464
CCCCOCCOP(=O)(OCCOCCCC)OCCOCCCC,0.73568976,0.55002666,0.51650405,0.6971803,0.48135126,0.65159595,0.6449554,0.6110434,0.09594408
CCCCOCCOC(=O)COc1nc(Cl)c(Cl)cc1Cl,1.7645228,1.3085527,1.5956395,1.5369508,2.1662462,1.9086937,1.7128192,1.7133464,0.27529567
CCCCOCCO,0.5187378,0.5021359,0.5955868,0.6276398,0.42285204,0.5794443,0.26903296,0.50220424,0.12339596
CCCCNS(=O)(=O)c1ccccc1,0.9492308,1.0412278,1.093745,1.0359924,1.0890279,1.0110941,1.0731702,1.041927,0.050758738
CCCCNC(=O)n1c(NC(=O)OC)nc2ccccc21,1.4671853,1.3336742,1.4537374,1.2377264,1.3001271,1.3665197,1.4661725,1.3750203,0.09059049
CCCCN(CCO)CCCC,0.48652518,0.57320285,0.5382768,0.5874746,0.34425354,0.42020237,0.352162,0.47172818,0.101277485
CCCCCl,1.5031277,1.4601645,1.2385093,1.375798,1.4305747,1.541366,1.3321402,1.4116685,0.104475744
CCCCCCCOC(=O)c1ccccc1C(=O)OCCCCCCC,1.8919016,2.0761406,2.0347352,1.6682934,1.6195872,2.0216768,2.0827274,1.9135803,0.19513567
CCCCCCCCOc1ccc(C(=O)c2ccccc2)c(O)c1,2.1368158,2.2540672,2.1193748,2.1988623,2.2499497,2.166386,2.2357955,2.1944642,0.05493774
CCCCCCCCCCSSCCCCCCCCCC,1.326937,0.23333669,1.5058622,1.442961,0.8336195,0.5520022,0.9699182,0.98066247,0.4784425
CCCCCCCCCCCCCCCCOS(=O)(=O)O,1.1225989,0.94960546,0.8920901,1.0368319,0.9715665,0.8761411,0.9157226,0.9663653,0.08746839
CCCCCCCCCCCCCCCC,2.8470917,2.0600517,2.6667933,2.9533634,2.537656,2.6290212,2.7897165,2.6405277,0.29187596
CCCCCCCCCCC(C)c1ccccc1,3.22196,2.901296,2.8813367,2.9913237,3.084405,3.1487868,3.0501828,3.0398986,0.12503447
CCCCCCCCCc1cccc(O)c1CCCCCCCCC,2.1290407,2.3506727,2.1401644,2.4863803,2.2170806,2.2983036,2.1132393,2.2478404,0.13831934
CCCCCCC1CCCCC1,3.416184,3.407898,3.3640778,3.2036412,3.3550053,3.368499,3.4198866,3.3621707,0.07479547
CCCCCc1ccc2c(c1)C(=O)c1ccccc1C2=O,3.069778,2.8760953,3.054964,2.9470954,3.1518197,3.031568,2.9881933,3.0170734,0.08961579
CCCCC(CC)COC(=O)c1ccc(C(=O)OCC(CC)CCCC)c(C(=O)OCC(CC)CCCC)c1,0.3831662,-0.13160968,0.56440914,0.31043506,0.17900717,0.14010644,0.8761133,0.33166108,0.32360452
CCCCC(CC)CN1C(=O)C2C(C1=O)C3(CCC2(C)C=C3)C(C)C,2.8466678,3.2510085,2.8332045,2.6033134,3.0732489,3.0037928,2.876688,2.9268463,0.20608346
CCCCC(CC)CN(CC(CC)CCCC)C(=O)C(C)NC(=O)Nc1cccc(-c2nn3nc(C(C)(C)C)c(Cl)c3[nH]2)c1,1.3962237,1.5635874,1.3670193,1.2806392,1.1488667,0.95265675,1.7079059,1.3452712,0.25137395
CCCCC(CC)C(=O)OCC(COC(=O)C(CC)CCCC)(COC(=O)C(CC)CCCC)COC(=O)C(CC)CCCC,1.4081211,1.5804837,1.7015185,1.4084802,1.6646609,1.4441786,1.5591896,1.5380905,0.12074869
CCCCC(C)CCCC(C)C,3.410678,3.5136049,3.1530738,3.242102,3.3084307,3.3167062,3.2606266,3.3150313,0.11771075
CCCCC(C)C(C)C,3.544607,3.5812619,3.302241,3.3342426,3.3941255,3.4280558,3.3623967,3.42099,0.10551417
CCCc1ccc(C2OC(C(O)CO)C3OC(c4ccc(CCC)cc4)OC(CCC)C3O2)cc1,1.4347322,1.7408075,1.5390661,1.3358728,1.5202658,1.3384273,1.7550653,1.5234624,0.17244971
CCCC1CCC(c2ccc(I)cc2)CC1,3.2618585,3.1255808,2.9946082,3.0952563,2.9451685,3.263344,3.1162157,3.114576,0.120700926
CCCc1ccc(-c2ccc(-c3ccc(CC)cc3)cc2F)cc1,3.0582428,3.4484992,3.0063741,2.430222,3.4374435,2.8785598,3.1698935,3.0613194,0.35068488
CCCC[Sn](O[Sn](CCCC)(CCCC)CCCC)(CCCC)CCCC,2.8544273,2.38866,2.6486263,2.9186316,2.717621,2.5204773,2.901926,2.7071955,0.20173003
CCCC(C)CC(C)C,3.538803,3.4827077,3.3263006,3.3478131,3.4066467,3.436232,3.3827395,3.4173205,0.07507422
CCc1cccc(-c2cccc(CC)c2)c1,3.52847,3.5982013,3.5119934,3.3333936,3.7254472,3.7158651,3.715527,3.589842,0.14475837
CCc1cccc(C)c1Nc1ccc(Nc2c(C)cccc2CC)c2c1C(=O)c1ccccc1C2=O,2.2295394,1.9594449,2.092441,2.3758135,2.307185,2.6085076,2.5682042,2.3058765,0.23688647
CCc1ccc(-c2ccccc2)cc1,2.8793402,2.681584,3.0421453,3.0373912,3.019528,3.0113828,3.0880313,2.965629,0.14089757
CCc1cc2ccccc2c2ccccc12,3.0393286,2.8693657,2.814514,2.7318404,2.9560697,2.9276967,2.9849594,2.9033964,0.105660394
CCc1c(cccc1)[N+](=O)[O-],1.2451632,0.88797104,1.4134182,1.2678624,1.2163272,1.1655359,1.1843319,1.19723,0.15874536
CCC(c1ccc(cc1)OCC(CO)O)C,0.55196536,0.7331604,0.8980969,0.85497844,0.59144366,0.81294477,0.9251627,0.7668218,0.14734189
CCC(C)NC1CCC(CC2CCC(NC(C)CC)CC2)CC1,2.5000725,2.3370557,2.3640735,2.3988369,2.3271117,2.5796447,2.3910449,2.4139771,0.09270576
CCC(C)c1ccccc1O,1.6694082,1.5988175,1.8170455,1.7846843,1.7920983,1.8131669,1.8835745,1.765542,0.09743617
CCC(C)c1cc(cc(c1O)[N+]([O-])=O)[N+]([O-])=O,0.7365006,0.63798165,0.58462095,0.77869546,0.75738037,0.58953273,0.8536539,0.7054809,0.10293902
CCC(C)c1cc(C(C)(C)C)cc(-n2nc3ccccc3n2)c1O,3.4269133,3.1081443,3.5208564,3.3400607,3.6533303,3.5904298,3.4830508,3.4461122,0.18099535
CCC(C)=NO,0.18520844,0.2752838,0.21695805,0.14358938,-0.091655254,0.18644476,0.27369988,0.16993272,0.12497073
CCC(C)(C)c1cc(-n2nc3ccccc3n2)c(O)c(C(C)(C)CC)c1,3.4695864,3.1955788,3.6323254,3.3738697,3.7797446,3.6480873,3.576224,3.5250592,0.1951996
CCC(=O)Nc1ccc(Cl)c(Cl)c1,1.8978926,2.0498624,1.9257438,1.7706269,2.0442169,1.9991512,1.9559367,1.9490615,0.09727323
CCC(=O)Nc1cc(ccc1N=Nc2ccc(cc2Cl)[N+]([O-])=O)N(CCOC(C)=O)CCOC(C)=O,0.77372575,0.92933536,0.91423726,0.8868369,0.7966949,0.7755947,1.1454663,0.88884157,0.13083863
CC1COCc2cc3c(cc21)C(C)(C)C(C)C3(C)C,3.0900865,3.0446131,3.0002832,2.9862485,3.0476882,3.0381093,2.9538348,3.0229805,0.045563273
Cc1cccc2ccccc12,2.1467316,2.1064696,2.4660053,2.2593298,2.379428,2.3049984,2.388889,2.2931216,0.13169466
Cc1cccc(Oc2ccccc2)c1,2.4049406,2.626687,2.4772203,2.4384418,2.4768126,2.581932,2.6531239,2.522737,0.09701624
Cc1cccc(c1)[N+]([O-])=O,0.8327595,0.76482475,0.970717,0.8442011,0.8532733,0.86100864,0.88207006,0.8584078,0.061676364
Cc1cccc([N+](=O)[O-])c1,0.8327595,0.7648246,0.97071695,0.8442011,0.8532733,0.86100864,0.8820702,0.8584078,0.061676383
Cc1ccc2cc3c(ccc4ccccc43)c3c2c1CC3,3.1943078,3.2306595,2.7879205,3.0945826,3.0414124,3.4351606,2.9286847,3.101818,0.211534
Cc1ccc(O)c([N+](=O)[O-])c1,0.9228716,0.99895257,0.8693358,0.98870826,0.852878,0.88896453,1.0071063,0.9326882,0.06513908
Cc1ccc(NN=C2C(=O)C=Cc3ccccc32)c([N+](=O)[O-])c1,1.0492826,1.3960664,1.2590971,0.92758894,1.1099794,1.0255594,1.4408555,1.1726328,0.19585705
Cc1ccc(N=CN(C)C=Nc2ccc(C)cc2C)c(C)c1,3.1175559,3.1158218,3.1481104,3.0693278,3.2733414,3.1505127,3.323246,3.1711307,0.092045546
Cc1ccc(N)c(c1)[S](O)(=O)=O,-0.12457681,-0.3536482,-0.26961493,-0.10968566,-0.31064105,-0.21978855,-0.20833349,-0.22804125,0.090827346
Cc1ccc(Cl)cc1[N+](=O)[O-],1.7783535,1.7910292,1.8177382,1.7603517,1.8392857,1.8149087,1.7939668,1.7993764,0.026567517
Cc1ccc(cc1Cc1ccccc1)C,3.04494,3.0958624,3.1375864,3.2344635,3.223534,3.4387445,3.1820257,3.1938798,0.12753111
Cc1ccc(cc1[N+]([O-])=O)[N+]([O-])=O,0.817047,0.94825983,0.76928735,0.6640948,0.8002728,0.6990284,0.8914001,0.7984844,0.10018176
Cc1ccc(C2OC3COC(c4ccc(C)c(C)c4)OC3C(C(O)CO)O2)cc1C,1.4486799,1.3633833,1.3876232,1.0365833,1.3823805,1.331316,1.2881417,1.3197297,0.13439517
Cc1ccc(C)c(Cc2ccccc2)c1,3.04494,3.0958624,3.1375866,3.2344635,3.223534,3.4387445,3.1820254,3.1938798,0.1275311
CC1CCC(C(C1)C(O)=O)C(O)=O,0.33686483,0.11876905,0.39372528,0.5703949,0.25655067,0.4170183,0.48250842,0.36797592,0.14868696
Cc1ccc([N+](=O)[O-])c([N+](=O)[O-])c1,0.39103854,0.092071414,0.4029802,0.34201884,0.24262917,0.22170854,0.3380283,0.29006788,0.11110761
Cc1cc2ccccc2c2ccccc12,2.8756132,2.9024515,2.7256753,2.7300923,2.757735,2.8973565,2.7025657,2.7987843,0.08885628
Cc1cc2c(cc3c(c2)cccc3)cc1,2.9522808,2.9755049,2.8753045,2.933802,2.8920014,2.985321,2.8531764,2.9239128,0.05118594
Cc1cc2c(cc1Nc1ccccc1)C1(OC(=O)c3ccccc31)c1ccc(N(C)C3CCCCC3)cc1O2,1.7796651,2.0542562,1.6737454,2.3012593,1.6587968,2.1200535,2.0359886,1.946252,0.24515173
Cc1cc(S(=O)(=O)O)c(N=Nc2c(O)c(C(=O)O)cc3ccccc23)cc1Cl,0.8707789,0.83288515,1.0151007,0.7860303,0.72168887,1.0116466,0.7941705,0.8617573,0.11315014
Cc1cc(O)ccc1Cl,1.316334,1.1012492,1.1528759,1.0218244,1.1251638,1.1959786,1.4025347,1.1879944,0.13094564
Cc1cc(O)c(cc1Sc2cc(c(O)cc2C)C(C)(C)C)C(C)(C)C,1.1134787,0.9413531,1.0378996,1.2051505,0.8233043,0.94186616,1.2004039,1.0376366,0.14415675
Cc1cc(N/N=C2\C(=O)C=Cc3ccccc32)c(S(=O)(=O)O)cc1Cl,1.329283,1.1246624,1.3232839,1.0533751,0.9219136,1.0939043,1.1680593,1.144926,0.14575328
Cc1cc(ccc1Cl)O,1.316334,1.1012492,1.1528759,1.0218242,1.1251638,1.1959785,1.4025347,1.1879944,0.13094565
Cc1cc(ccc1[N+](=O)[O-])O,1.1602993,1.186199,1.0334656,1.0439775,1.1878966,1.1002127,1.240722,1.1361104,0.07856252
Cc1cc(cc(c1)OC(=O)NC)C,0.5303459,0.26743388,0.60602725,0.45549798,0.24387026,0.53650916,0.68510115,0.47496933,0.16585243
CC1CC(C)C(=O)C(C(O)CC2CC(=O)NC(=O)C2)C1,0.23774958,0.15625584,0.13508737,0.28353584,0.24837565,0.23809612,0.3749541,0.23915064,0.07979298
CC1CC(C)(C)CC(OOC(C)(C)C)(OOC(C)(C)C)C1,3.8935413,3.9802077,3.805129,3.4847746,3.9882376,3.9485855,3.5939617,3.813491,0.19971101
Cc1cc(Br)c(C)cc1Br,3.0848505,2.8429163,2.8019125,2.8983412,2.8006806,3.164194,3.1385221,2.9616313,0.161771
CC1c2ccccc2C(CC1)C,2.8801892,2.7018297,2.7947922,2.8138404,2.9324908,2.953195,2.8160722,2.8417728,0.08694108
CC1C=CC2CC1C2(C)C,3.037883,3.1180282,2.8878427,2.9285736,2.911045,3.0190601,3.0225325,2.9892807,0.08269062
Cc1c(NC(=O)C(C)Br)c(=O)n(-c2ccccc2)n1C,1.3996501,1.312294,1.0662264,1.2394176,1.0215833,1.0788796,1.243279,1.1944758,0.14146928
Cc1c(F)c(F)c(COC(=O)C2C(C=C(Cl)C(F)(F)F)C2(C)C)c(F)c1F,3.294055,3.4187326,3.305606,3.1244454,3.4978209,3.3763142,3.5603876,3.3681946,0.14444654
Cc1c(Cl)c(Cl)c(Cl)c(Cl)c1Cl,3.7841046,4.001122,3.8794427,3.7241118,3.9471726,3.8613675,3.867059,3.8663402,0.092995115
Cc1c(cccc1)S(=O)(=O)N,-0.03868103,0.18412209,0.06370187,0.15226364,0.16901934,0.18555975,0.13581908,0.12168639,0.082090445
Cc1c(ccc(c1C)C)C,2.7584608,2.6219256,2.7228868,2.5958786,2.6948504,2.6485972,2.7461615,2.6841087,0.06312719
Cc1c(Cc2cc(C(C)(C)C)c(O)c(C(C)(C)C)c2)c(C)c(Cc2cc(C(C)(C)C)c(O)c(C(C)(C)C)c2)c(C)c1Cc1cc(C(C)(C)C)c(O)c(C(C)(C)C)c1,0.85020876,0.2436068,0.96169657,0.76455665,0.89311373,0.44289136,1.3447821,0.7858365,0.3584867
Cc1c(c(C)c(c(c1[N+]([O-])=O)C(C)(C)C)[N+]([O-])=O)[N+]([O-])=O,3.5148668,3.372809,3.6038907,3.3947716,3.6318884,3.6942263,3.496022,3.5297818,0.120547555
CC12C=CC3=C4CCC(=O)C=C4CCC3C1CCC2O,1.4799249,1.2045652,1.2925656,1.1188164,1.2179953,1.3467052,1.3097087,1.2814686,0.11616089
Cc1[nH]c(=O)n(C(C)(C)C)c(=O)c1Cl,0.6522527,0.6383301,0.8738333,0.765916,0.8607929,0.8604076,0.6586741,0.758601,0.10793531
CC1(O)CC2CCC1(C)C2(C)C,0.9665064,0.97022355,1.0734346,1.1017635,1.1611032,1.219265,1.21468,1.1009966,0.1052565
CC1(C)CCC(=Cc2ccc(Cl)cc2)C1(O)Cn1cncn1,2.031004,2.0743077,2.1564157,1.8693417,2.312072,2.1995432,2.1581378,2.114403,0.14060451
CC1(C)CC(N)CC(C)(CN)C1,0.36337686,0.38021696,0.58850884,0.6070045,0.42304206,0.57501674,0.73072386,0.52398425,0.13726766
CC1(C)C2CCC1(C)C(C)(O)C2,0.9665064,0.9702235,1.0734346,1.1017635,1.1611032,1.219265,1.21468,1.1009966,0.105256505
CC1(C)C\2CCC1(C)C(=O)C2=C/c3ccccc3,2.397616,2.3712144,2.4609048,2.4237742,2.4124782,2.4708524,2.6170743,2.4505594,0.08115037
CC1(C)C(C=C(Cl)Cl)C1C(=O)OCc1cccc(Oc2ccccc2)c1,2.4685607,2.516272,2.489931,2.5605948,2.5452077,2.510426,2.4574628,2.506922,0.03797535
CC=CC=CC=CC=CC1CC(=O)N(CCCCCC(=O)O)C1=O,1.6862164,1.7677146,1.7158345,1.5860682,1.6756445,1.7009593,1.5033779,1.6622593,0.08877904
CC[C@@H](C)c1cccc([C@@H](C)CC)c1O,2.432193,2.4930336,2.5447457,2.4577246,2.7123775,2.6294494,2.630992,2.5572166,0.103714205
CC(OOC1(OOC(C)(C)C)CC(CC(C1)(C)C)C)(C)C,3.893541,3.980208,3.805129,3.4847746,3.9882376,3.9485855,3.5939612,3.813491,0.19971111
CC(OC(F)(F)C(F)C(F)(F)F)C(F)(F)C(F)C(F)(F)F,2.5723279,2.6100392,2.1900225,2.5022688,2.371815,2.6659467,2.586185,2.499801,0.16574502
CC(OC(CCl)C)CCl,0.9172585,0.95841306,0.87882435,0.6798227,0.6754807,0.95354545,0.85567284,0.84557396,0.12051414
CC(O)CN(CC(C)O)CC(C)O,0.45972395,0.41365302,0.5938566,0.6504762,0.40468407,0.38181448,0.4961977,0.48577228,0.10180088
CC(CN(CC(C)O)CC(C)O)O,0.4597242,0.41365302,0.5938566,0.6504762,0.40468407,0.38181424,0.49619782,0.48577234,0.10180091
CC(CCl)O[P](=O)(OC(C)CCl)OC(C)CCl,0.5378823,0.3777218,0.31118023,0.4543922,0.37576413,0.35493827,0.37254047,0.3977742,0.074936196
CC(CCCCCCCO)C,2.427335,2.2764695,1.8804286,2.1442327,2.2955363,2.3551283,2.2400508,2.2313116,0.17827779
CC(CCCCCCCCCCO)C,3.0364993,3.131638,2.5795805,2.7610054,2.9641528,3.021435,2.898663,2.913282,0.18792965
CC(CC(C)(C)C)CC(C)(C)CC(C)(C)C,3.3118422,3.2665014,3.0374038,3.1282644,3.122645,3.1740994,3.1048918,3.163664,0.095718965
CC(CC(=C)C)(C)C,3.2325354,2.8765852,2.9867969,3.257482,3.0628195,3.146201,3.2180858,3.111501,0.14237896
CC(c1ccccc1)c2cc(C)ccc2C,3.0410504,2.9209266,2.9415455,3.1208413,3.183911,3.0321667,3.1281161,3.0526512,0.09816996
CC(c1ccccc1)(OOC(c1ccccc1)(C)C)C,2.6694245,2.5142694,2.5036001,2.4735768,2.6821892,2.4056911,2.6627526,2.5587862,0.11105866
CC(c1ccc(cc1)O)(C)C,1.5133175,1.6092148,1.4339211,1.5234311,1.5530798,1.6269703,1.5875621,1.5496423,0.06630252
CC(C)OP(C)(=O)OC(C)C,-0.34692407,-0.30409098,-0.2779739,-0.10059929,-0.25861,-0.24780822,-0.3258705,-0.26598242,0.08110736
CC(C)OP(=O)(OC(C)C)SCc1ccccc1,1.0650606,1.0529535,1.0042832,1.0855961,0.97447395,0.87300634,1.0174274,1.0104002,0.071539655
CC(C)Oc1cc(N2N=C(OC2=O)C(C)(C)C)c(Cl)cc1Cl,2.1558318,2.1912222,2.1730127,2.1172204,2.266333,2.1586223,2.141387,2.171947,0.047692712
CC(C)OC(=O)C(Cl)C(=O)OC(C)C,1.0408611,1.077063,0.766345,1.0605679,1.1189512,1.0199459,1.0484662,1.0188859,0.11566543
CC(C)OC(=O)C(Cl)(Cl)C(=O)OC(C)C,1.3000075,1.1445327,1.2313726,1.381554,1.3645325,1.1888362,1.3424282,1.2790376,0.09199358
CC(C)NC(=O)N1CC(=O)N(c2cc(Cl)cc(Cl)c2)C1=O,1.9793007,2.1894145,2.0379987,2.0263517,2.154471,2.162411,2.1639173,2.1019807,0.08441137
CC(C)CN1CCOCC1,0.97804475,0.81623757,0.7796416,0.8796923,0.7486445,0.98839307,0.88429356,0.86784965,0.092860706
CC(C)CCCCCCCOP(=O)(Oc1ccccc1)Oc1ccccc1,2.5012286,2.4179606,2.2625601,2.34573,2.5009305,2.3040645,2.3243992,2.3795533,0.09538027
CC(C)CC1CC(C)CCC1C,3.521697,3.743937,3.4968538,3.3763065,3.652885,3.5634186,3.5328434,3.5554202,0.11709016
CC(C)c1ccccc1O[P](=O)(Oc2ccccc2C(C)C)Oc3ccccc3C(C)C,1.8830559,1.6419721,1.6549956,2.1828268,1.5830595,1.9276185,1.8206382,1.8134524,0.20895077
CC(C)c1ccccc1C(C)C,2.904595,2.8282995,3.3780007,2.83964,3.1216152,3.0875938,2.996211,3.0222795,0.19415879
CC(C)C1CCCC2CCCCC21,3.6652327,3.9217691,3.6896746,3.5996358,3.722478,3.825671,3.6504006,3.7249799,0.11177384
CC(C)c1cccc(C(C)C)c1O,2.1764712,2.1645875,2.4063258,2.2683473,2.3851705,2.4848285,2.4698372,2.3365097,0.13343695
CC(C)c1ccc2ccccc2c1C(C)C,3.5285447,3.350336,3.4466984,3.235108,3.553584,3.4444861,3.3921309,3.421555,0.10857942
CC(C)c1ccc2c(c1Cl)CCC1C(C)(C(=O)O)CCCC21C,2.1939633,2.2261877,2.1657138,2.0041723,2.1785522,2.1182456,2.2711163,2.1654217,0.08571067
CC(C)c1ccc(-c2cc(Cl)cc(Cl)c2)cc1,3.6563902,3.634625,3.4103572,3.2916548,3.433858,3.3793302,3.5615277,3.4811058,0.1379904
CC(C)C1=NC(=O)C=C(C)N1,-0.063765764,-0.19931126,-0.048381567,-0.012451291,-0.24837375,-0.33834195,-0.028537393,-0.13416614,0.12731992
CC(C)C1=CC2=C(CC1)C1(C)CCCC(C)(C(=O)O)C1CC2,1.8730285,1.7996417,1.840799,1.8388779,1.8173206,1.8478378,1.7574911,1.8249996,0.037704937
CC(C)=CC=C(C)C,2.3637896,2.2463038,2.3526483,2.3904967,2.2583823,2.4661365,2.256253,2.3334298,0.083004095
CC(C)=CC(C)(C)CC(C)(C)C,3.430141,3.3144357,3.3503857,3.3554907,3.3557367,3.3606536,3.3914752,3.3654742,0.036304638
CC(C)(O)C(=O)c1ccc(Cc2ccc(C(=O)C(C)(C)O)cc2)cc1,0.70101404,1.3337097,0.7908772,0.8058436,1.0843427,1.0393598,0.9772878,0.9617764,0.21646218
CC(C)(CC(=C)c1ccc(O)cc1)c2ccc(O)cc2,1.5419078,1.8445554,1.3169185,1.5929432,1.5816901,1.7014278,1.746021,1.6179234,0.16983484
CC(C)(c1ccc(OC(F)(F)C(F)F)cc1)c1ccc(OC(F)(F)C(F)F)cc1,4.008975,4.1805654,3.8197947,3.7107077,4.0153704,4.200512,3.8392894,3.9678876,0.18614475
CC(C)(C)OCCO,0.009609699,-0.0043992996,0.24811769,0.22867239,-0.07868695,0.06032777,-0.07087064,0.05611009,0.13340445
CC(C)(C)c1cccc(C(C)(C)C)c1O,2.6240692,2.660049,2.6958022,2.6915455,2.8444328,2.7798183,2.8440762,2.7342563,0.088718675
CC(C)(C)c1cc(cc(c1)C(C)(C)C)C(C)(C)C,4.4801245,4.3563814,4.5529222,4.1921415,4.5328765,4.5588913,4.616233,4.4699388,0.147384
CC(C)(C)c1cc(C(=O)O)c(O)c(C(C)(C)C)c1,1.113395,0.89721227,1.1564808,1.2625642,1.4295864,1.4591753,1.2541211,1.2246478,0.19302301
CC(C)(C)C(O)=O,0.3685248,0.21913326,0.25703502,0.5061164,0.12137973,0.36209822,0.4466579,0.32584932,0.13426197
CC(C(Cl)(Cl)Cl)(C)O,0.423769,0.2140969,0.47184932,0.17415404,0.32519186,0.46675217,0.27404165,0.33569357,0.12128756
CC(=O)CC(=O)Nc1ccc(-c2ccc(NC(=O)CC(C)=O)c(C)c2)cc1C,-0.53151417,-0.18987799,-0.25267863,-0.13946652,-0.5863786,-0.35839224,-0.3434453,-0.34310764,0.1673509
CC(=O)C1=C(C)C2CC3(C1)C(C)CCC3C2(C)C,2.0794911,2.1459043,1.9764978,2.3741994,1.995945,2.384797,2.1169858,2.1534028,0.16594586
CC(=C)CC(C)(C)C,3.2325354,2.8765852,2.9867969,3.257482,3.0628195,3.1462011,3.2180858,3.111501,0.14237897
CC([N+](=O)[O-])C,0.5133015,0.5006052,0.5921687,0.52638483,0.33360982,0.483441,0.5119715,0.4944975,0.07880333
c1ccsc1,0.88420033,0.7584045,0.97264475,0.96619725,1.05867,1.0466856,0.8545103,0.9344732,0.10832172
C1CCCCCCCCCCC1,3.3011131,3.5380917,3.2863932,3.2107773,3.3882337,3.3125777,3.2862496,3.3319194,0.10474986
c1cccc2c1c1ccccc1c1c2cccc1,2.9005527,2.962519,2.6665394,2.7396173,2.6294177,2.9317641,2.815652,2.80658,0.13189834
c1ccc3c(c1)ccc2cc(ccc23)C,2.9430869,2.9815931,2.8626442,2.9010081,2.879603,2.962932,2.8082051,2.9055817,0.061230555
c1ccc3c(c1)c2ccccc2C3,3.0343027,2.942756,2.9718347,3.0654283,2.8693175,3.0544138,3.0325222,2.9957964,0.071298055
c1ccc2scnc2c1,0.81616974,0.83394456,0.8127426,0.8455528,0.6534865,0.8192698,0.7644788,0.79223496,0.06624241
c1ccc2sc(SSc3nc4ccccc4s3)nc2c1,1.1788641,0.9941481,1.4423102,1.1624256,1.2844977,1.2395244,1.1661298,1.2097,0.1367104
c1ccc2cc(Nc3ccc(Nc4ccc5ccccc5c4)cc3)ccc2c1,2.992086,3.0465865,3.0223298,3.2063637,3.1218297,3.507215,3.547101,3.206216,0.23060481
c1ccc2c3c1c1ccccc1c3ccc2,3.3136518,3.5040433,3.1136582,3.2093997,3.1367807,3.400743,3.0111568,3.2413478,0.17363329
c1ccc2c(c1)cccc2C,2.1467316,2.1064696,2.4660053,2.2593298,2.379428,2.3049984,2.3888888,2.2931216,0.13169463
c1ccc2c(c1)ccc3ccccc23,2.7215557,2.8738346,2.798204,2.7587774,2.7999215,3.0068069,2.8304195,2.8270743,0.09297932
c1ccc2c(c1)ccc1cc3c(ccc4ccccc43)cc12,2.8299532,2.6359053,2.5132518,2.6312103,2.4425142,2.5841079,2.7120433,2.621284,0.1272164
c1ccc2c(c1)Cc1ccccc1-2,3.0343027,2.942756,2.9718347,3.0654283,2.8693175,3.0544138,3.0325222,2.9957964,0.071298055
c1ccc2c(c1)c1ccccc1c1ccccc21,2.9005527,2.962519,2.6665394,2.7396173,2.6294177,2.9317641,2.815652,2.80658,0.13189834
C1CCC2=NCCCN2CC1,0.6753565,0.9451312,0.7900592,0.5143603,0.28694892,0.39526236,0.7293786,0.6194996,0.23174931
c1ccc(SSc2ccccc2)cc1,1.9181324,1.5388353,2.215624,1.8334312,1.6907151,1.928184,1.9604074,1.8693327,0.2146621
c1ccc(Nc2ccc3ccccc3c2)cc1,2.6525354,2.6771727,2.9939828,2.7216163,2.8509378,2.9173193,3.071362,2.8407037,0.16279022
c1ccc(COCc2ccccc2)cc1,2.3222578,2.3964539,2.21541,2.2168174,2.5484335,2.5449963,2.3448317,2.369886,0.1375001
C1CCC(CC1)N=C=NC2CCCCC2,0.2572856,-0.17511106,-0.13694835,0.2721244,-0.15061808,-0.40796828,-0.01971662,-0.051564626,0.24514166
c1ccc(cc1)c3cc(c2ccccc2)[n+](n3C)C,1.5876002,1.6758175,1.6653401,1.4057992,1.4755901,1.6982547,1.8151965,1.617657,0.1397285
c1ccc(cc1)c2ccc(cc2)c3ccccc3,2.737769,3.363133,2.735794,3.094993,2.8564193,3.0582054,2.809859,2.9508817,0.23192234
c1ccc(cc1)C,0.99588037,0.8908261,1.0063944,0.9654448,1.0172644,0.99243724,0.93128407,0.9713616,0.045656133
c1ccc(-c2ccccc2-c2ccccc2)cc1,2.918016,3.5601199,2.9378295,3.270294,3.1522052,3.3684747,3.0133758,3.174331,0.23936033
c1cc2c3c4c(cc5c(c14)cccc5)ccc3ccc2,2.8034635,2.8224282,2.5946856,2.618959,2.5274358,2.6628942,2.782628,2.6874988,0.11564377
C1CC=CCCC=CCCC=C1,2.763692,2.9477992,2.7967055,2.8580384,2.717235,2.7177489,2.6942205,2.785063,0.091090545
C1CC[N+]2(C1)CCCC2,1.1871103,0.9058814,0.9105271,0.8357694,0.9227251,0.46884727,0.48617852,0.8167199,0.25684354
c1cc(cc(c1c2ccc(cc2Cl)Cl)Cl)Cl,4.3570414,4.24405,4.2045608,4.4100657,4.255688,4.345998,4.1956377,4.287577,0.083164275
c1cc(c(c(c1)C)C)C,2.0370831,1.8017927,2.1535053,1.8498425,2.2273607,2.0972655,2.218108,2.0549939,0.17045361
C1=CC2(C(C1(C(C2(Cl)Cl)(Cl)Cl)Cl)Cl)Cl,2.8860102,2.6286345,3.0901968,3.1544733,2.7609165,3.0903294,3.3383846,2.9927065,0.24574907
C1=CC2(C(=C(C1(C2(Cl)Cl)Cl)Cl)Cl)Cl,3.4541636,3.648517,3.4744976,3.4679995,3.59929,3.467359,3.5969393,3.5298235,0.08157577
C=CCOC(Cn1ccnc1)c1ccc(Cl)cc1Cl,1.7195452,1.8006916,1.6976182,1.7572887,1.8062599,1.83941,1.8302435,1.7787225,0.054950856
C=CCOC(=O)C(C)(C)OC(=O)c1cc(-n2c(=O)cc(C(F)(F)F)n(C)c2=O)ccc1Cl,1.2102709,1.2607689,1.2579275,1.3071605,0.96160644,1.3091097,1.4542183,1.2515802,0.14909558
C=Cc1ccccc1CC,2.5911083,2.1130016,2.457653,2.3560576,2.6537218,2.6606069,2.5764904,2.4869485,0.19776438
C=Cc1cccc(C)c1,1.4414423,1.3183852,1.5586467,1.3604542,1.3662968,1.4429818,1.610222,1.4426327,0.1076761
C=CC(N)=O,0.6240649,0.4424796,0.42509913,0.6778728,0.57760084,1.1507773,0.9296745,0.6896528,0.26404724
C=CC(F)(F)C(F)(F)C(F)(F)C(F)(F)C(F)(F)C(F)(F)F,2.5801,2.4670684,2.442922,2.2488945,2.3041127,2.4351332,2.6495125,2.4468205,0.14080098
C\C=C1/CC2CC1C=C2,2.157468,2.1559758,2.13368,2.2558253,1.9751098,2.0477211,2.1470757,2.1246936,0.089563794
C[Si](C)(C)O[Si](C)(C)O[Si](C)(C)O[Si](C)(C)O[Si](C)(C)C,3.9040625,3.801563,3.8076649,3.586754,3.6021404,3.7606816,3.9947758,3.779663,0.14838062
C[N+]1(C)(CCCCC1),0.9186661,0.9228182,1.0126238,0.8517778,1.0637281,0.69622755,0.70011044,0.8808503,0.14235961
C[C@H]1C[C@H](C)C(=O)[C@@H](C1)[C@H](O)CC2CC(=O)NC(=O)C2,0.23774981,0.15625584,0.13508737,0.28353584,0.24837565,0.23809612,0.3749541,0.23915067,0.07979298
C(c1ccccc1)c2ccccc2,2.6872876,2.659103,2.887286,2.872335,2.912734,2.7505949,2.7222736,2.784516,0.10401944
C(C(CBr)Br)Cl,1.2391784,1.1480092,1.0357592,1.2566373,1.2095557,1.2284331,1.1759536,1.1847895,0.07558581
C(C(C(C(C(F)(F)Cl)(F)F)(F)F)(F)F)(C(C(C(OC(C(F)(F)S(=O)(=O)O)(F)F)(F)F)(F)F)(F)F)(F)F,4.2506943,4.2767296,3.887592,4.04661,4.104191,4.0385294,4.1698112,4.110594,0.13527375
Brc1ccccc1Br,1.9002591,1.9592359,1.9483724,1.987624,2.1251135,2.0236282,2.14633,2.0129378,0.09208785
Brc1ccc(Oc2ccc(Br)c(Br)c2)c(Br)c1,5.95967,6.043001,6.0798464,5.55289,6.46953,6.008745,6.096671,6.030051,0.26873705
Brc1ccc(-c2ccc(Br)cc2)cc1,3.607369,3.9548368,3.576305,3.8448768,3.831418,3.7509499,3.7491627,3.7592742,0.13385427
BrC1CCC(Br)C(Br)CCC(Br)C(Br)CCC1Br,3.2604103,3.2921057,3.2325284,3.2070236,3.0211358,3.3254905,3.3525221,3.2416022,0.10964204
Brc1cc(Br)cc(-c2ccccc2)c1,3.1406498,2.0157387,3.257986,2.987864,2.0122118,3.1713166,3.0785382,2.8091865,0.5494893
BrC1CC(Br)CC(Br)CC(Br)CC(Br)CC(Br)C1,3.859177,3.7431464,4.006201,3.919087,3.4782379,3.8977773,4.070561,3.8534553,0.19567274
Brc1cc(Br)c(Oc2c(Br)c(Br)c(Br)c(Br)c2Br)c(Br)c1Br,4.808815,4.886095,4.6977997,4.982123,4.4521737,4.965276,5.3544846,4.8781095,0.27813318
Brc1cc(Br)c(Br)c(Oc2c(Br)c(Br)c(Br)c(Br)c2Br)c1Br,4.23959,4.6123734,3.622892,4.6042185,3.8145218,4.080249,4.6715493,4.2350564,0.41728398
Brc1cc(Br)c(Br)c(Oc2c(Br)c(Br)c(Br)c(Br)c2Br)c1,6.0188856,4.0474305,5.8644724,5.848003,5.4087334,5.9417,6.4086943,5.6482744,0.764679
Brc1c(c(c(c(c1c1c(c(c(c(c1Br)Br)Br)Br)Br)Br)Br)Br)Br,1.024694,0.677915,1.0096754,0.860723,0.5047945,0.8276634,1.1130168,0.8597832,0.21366489
BrC=Cc1ccccc1,1.860978,1.6792536,1.8954518,1.8192077,2.0039446,2.045007,2.2822914,1.9408762,0.192822
BrC(C(Br)Br)Br,0.783568,1.0473278,0.9483955,1.1987014,0.9282799,1.1081853,1.0638733,1.0111902,0.13618559
[O-][N+](=O)c1ccccc1Cl,1.408098,1.4940175,1.4565659,1.3835502,1.6270448,1.596617,1.4060721,1.4817094,0.09650966
[O-][N+](=O)c1ccc2nc[nH]c2c1,0.34053445,0.09395945,0.34216094,0.47189653,0.27739632,0.46141458,0.37883866,0.3380287,0.1278538
[O-][N+](=O)c1cc(c(c(c1)Cl)N=Nc1ccc(cc1)N(CCC#N)CCC#N)Cl,1.3287548,1.6156595,1.3453767,1.4076976,1.6128193,1.435988,1.4922624,1.4626513,0.117083445
[O-][Cl+3]([O-])([O-])O,0.23431945,-0.44535375,0.21745849,0.7508879,0.32102275,0.1006403,0.21225858,0.19874766,0.35263288
[nH]1c2ccccc2c3ccccc13,2.3125713,2.317347,2.517245,2.54313,2.3368194,2.578297,2.779647,2.4835796,0.17307156
